/*
SQLyog Ultimate v9.63 
MySQL - 5.6.12-log : Database - korpus
*********************************************************************
*/


/*!40101 SET NAMES utf8 */;

/*!40101 SET SQL_MODE=''*/;

/*!40014 SET @OLD_UNIQUE_CHECKS=@@UNIQUE_CHECKS, UNIQUE_CHECKS=0 */;
/*!40014 SET @OLD_FOREIGN_KEY_CHECKS=@@FOREIGN_KEY_CHECKS, FOREIGN_KEY_CHECKS=0 */;
/*!40101 SET @OLD_SQL_MODE=@@SQL_MODE, SQL_MODE='NO_AUTO_VALUE_ON_ZERO' */;
/*!40111 SET @OLD_SQL_NOTES=@@SQL_NOTES, SQL_NOTES=0 */;
CREATE DATABASE /*!32312 IF NOT EXISTS*/`korpus` /*!40100 DEFAULT CHARACTER SET latin1 */;

USE `korpus`;

/*Table structure for table `korpus_collocation_candidates` */

DROP TABLE IF EXISTS `korpus_collocation_candidates`;

CREATE TABLE `korpus_collocation_candidates` (
  `id` int(11) unsigned NOT NULL AUTO_INCREMENT,
  `paragraph_id` int(11) unsigned NOT NULL,
  `sentence_id` int(11) unsigned NOT NULL,
  `lexicons_word_unit_id` int(11) unsigned NOT NULL,
  `phrase` varchar(255) DEFAULT NULL,
  `created` datetime DEFAULT NULL,
  `modified` datetime DEFAULT NULL,
  PRIMARY KEY (`id`,`paragraph_id`,`sentence_id`,`lexicons_word_unit_id`),
  KEY `fk_korpus_collocation_candidates_korpus_bigrams1_idx` (`lexicons_word_unit_id`),
  KEY `fk_korpus_collocation_candidates_korpus_bigrams2` (`paragraph_id`),
  KEY `fk_korpus_collocation_candidates_korpus_bigrams3` (`sentence_id`)
) ENGINE=InnoDB DEFAULT CHARSET=latin1;

/*Data for the table `korpus_collocation_candidates` */

/*Table structure for table `korpus_collocation_collections` */

DROP TABLE IF EXISTS `korpus_collocation_collections`;

CREATE TABLE `korpus_collocation_collections` (
  `id` int(11) unsigned NOT NULL AUTO_INCREMENT,
  `lexicons_word_unit_id` int(11) unsigned NOT NULL,
  `phrase` varchar(255) DEFAULT NULL,
  `created` datetime DEFAULT NULL,
  `modified` datetime DEFAULT NULL,
  PRIMARY KEY (`id`,`lexicons_word_unit_id`),
  KEY `fk_korpus_collocation_collections_korpus_bigrams1_idx` (`lexicons_word_unit_id`)
) ENGINE=InnoDB DEFAULT CHARSET=latin1;

/*Data for the table `korpus_collocation_collections` */

/*Table structure for table `korpus_dictionaries` */

DROP TABLE IF EXISTS `korpus_dictionaries`;

CREATE TABLE `korpus_dictionaries` (
  `id` int(11) unsigned NOT NULL AUTO_INCREMENT,
  `lexicon_id` int(11) unsigned NOT NULL,
  `value` varchar(255) DEFAULT NULL,
  `created` datetime DEFAULT NULL,
  `modified` datetime DEFAULT NULL,
  PRIMARY KEY (`id`,`lexicon_id`)
) ENGINE=InnoDB AUTO_INCREMENT=360 DEFAULT CHARSET=latin1;

/*Data for the table `korpus_dictionaries` */

insert  into `korpus_dictionaries`(`id`,`lexicon_id`,`value`,`created`,`modified`) values (1,33,'Besah','2015-02-17 07:58:22','2015-02-17 07:58:22'),(2,5,'lebih','2015-02-17 07:58:22','2015-02-17 07:58:22'),(3,2,'mementingkan','2015-02-17 07:58:22','2015-02-17 07:58:22'),(4,1,'diri','2015-02-17 07:58:22','2015-02-17 07:58:22'),(5,34,'sendiri','2015-02-17 07:58:23','2015-02-17 07:58:23'),(6,32,'_','2015-02-17 07:58:23','2015-02-17 07:58:23'),(7,3,'Sama','2015-02-17 07:58:23','2015-02-17 07:58:23'),(8,32,'juga','2015-02-17 07:58:23','2015-02-17 07:58:23'),(9,4,'seperti','2015-02-17 07:58:23','2015-02-17 07:58:23'),(10,33,'Jusoh','2015-02-17 07:58:24','2015-02-17 07:58:24'),(11,1,'suami','2015-02-17 07:58:24','2015-02-17 07:58:24'),(12,11,'Masing-masing','2015-02-17 07:58:24','2015-02-17 07:58:24'),(13,3,'keras','2015-02-17 07:58:24','2015-02-17 07:58:24'),(14,1,'kepala','2015-02-17 07:58:25','2015-02-17 07:58:25'),(15,8,'Langsung','2015-02-17 07:58:25','2015-02-17 07:58:25'),(16,18,'tidak','2015-02-17 07:58:25','2015-02-17 07:58:25'),(17,2,'mahu','2015-02-17 07:58:25','2015-02-17 07:58:25'),(18,2,'berunding','2015-02-17 07:58:25','2015-02-17 07:58:25'),(19,1,'secara','2015-02-17 07:58:25','2015-02-17 07:58:25'),(20,3,'damai','2015-02-17 07:58:26','2015-02-17 07:58:26'),(21,2,'berkira','2015-02-17 07:58:26','2015-02-17 07:58:26'),(22,1,'bicara','2015-02-17 07:58:26','2015-02-17 07:58:26'),(23,1,'adik','2015-02-17 07:58:26','2015-02-17 07:58:26'),(24,2,'beradik','2015-02-17 07:58:26','2015-02-17 07:58:26'),(25,8,'Cuma','2015-02-17 07:58:26','2015-02-17 07:58:26'),(26,1,'bezanya','2015-02-17 07:58:27','2015-02-17 07:58:27'),(27,32,'_+$','2015-02-17 07:58:27','2015-02-17 07:58:27'),(28,5,'agak','2015-02-17 07:58:27','2015-02-17 07:58:27'),(29,3,'pendiam','2015-02-17 07:58:27','2015-02-17 07:58:27'),(30,3,'becok','2015-02-17 07:58:27','2015-02-17 07:58:27'),(31,1,'mulut','2015-02-17 07:58:27','2015-02-17 07:58:27'),(32,7,'yang','2015-02-17 07:58:28','2015-02-17 07:58:28'),(33,1,'cakapnya','2015-02-17 07:58:28','2015-02-17 07:58:28'),(34,8,'sering','2015-02-17 07:58:28','2015-02-17 07:58:28'),(35,2,'berlapik','2015-02-17 07:58:28','2015-02-17 07:58:28'),(36,4,'Macam','2015-02-17 07:58:28','2015-02-17 07:58:28'),(37,1,'murai','2015-02-17 07:58:28','2015-02-17 07:58:28'),(38,2,'dicabut','2015-02-17 07:58:28','2015-02-17 07:58:28'),(39,1,'ekornya','2015-02-17 07:58:28','2015-02-17 07:58:28'),(40,11,'dua','2015-02-17 07:58:28','2015-02-17 07:58:28'),(41,11,'puluh','2015-02-17 07:58:29','2015-02-17 07:58:29'),(42,11,'empat','2015-02-17 07:58:29','2015-02-17 07:58:29'),(43,1,'jam','2015-02-17 07:58:29','2015-02-17 07:58:29'),(44,2,'berdecit','2015-02-17 07:58:29','2015-02-17 07:58:29'),(45,3,'bising','2015-02-17 07:58:29','2015-02-17 07:58:29'),(46,7,'Tapi','2015-02-17 07:58:29','2015-02-17 07:58:29'),(47,5,'masih','2015-02-17 07:58:29','2015-02-17 07:58:29'),(48,5,'boleh','2015-02-17 07:58:29','2015-02-17 07:58:29'),(49,2,'diajak','2015-02-17 07:58:29','2015-02-17 07:58:29'),(50,1,'kira','2015-02-17 07:58:29','2015-02-17 07:58:29'),(51,2,'dibawa','2015-02-17 07:58:30','2015-02-17 07:58:30'),(52,2,'mengikut','2015-02-17 07:58:30','2015-02-17 07:58:30'),(53,1,'telunjuk','2015-02-17 07:58:30','2015-02-17 07:58:30'),(54,1,'isteri','2015-02-17 07:58:30','2015-02-17 07:58:30'),(55,2,'dikontrol','2015-02-17 07:58:30','2015-02-17 07:58:30'),(56,4,'oleh','2015-02-17 07:58:31','2015-02-17 07:58:31'),(57,3,'berani','2015-02-17 07:58:31','2015-02-17 07:58:31'),(58,2,'membantah','2015-02-17 07:58:31','2015-02-17 07:58:31'),(59,2,'tahu','2015-02-17 07:58:31','2015-02-17 07:58:31'),(60,2,'memprotes','2015-02-17 07:58:31','2015-02-17 07:58:31'),(61,32,'\"','2015-02-17 07:58:31','2015-02-17 07:58:31'),(62,34,'Kami','2015-02-17 07:58:31','2015-02-17 07:58:31'),(63,2,'datang','2015-02-17 07:58:32','2015-02-17 07:58:32'),(64,35,'ni','2015-02-17 07:58:32','2015-02-17 07:58:32'),(65,32,'ada','2015-02-17 07:58:32','2015-02-17 07:58:32'),(66,1,'hajat','2015-02-17 07:58:32','2015-02-17 07:58:32'),(67,1,'Abang','2015-02-17 07:58:32','2015-02-17 07:58:32'),(68,33,'Long\"','2015-02-17 07:58:32','2015-02-17 07:58:32'),(69,2,'memulakan','2015-02-17 07:58:32','2015-02-17 07:58:32'),(70,3,'sebaik','2015-02-17 07:58:32','2015-02-17 07:58:32'),(71,32,'saja','2015-02-17 07:58:32','2015-02-17 07:58:32'),(72,2,'bersimpuh','2015-02-17 07:58:33','2015-02-17 07:58:33'),(73,4,'di','2015-02-17 07:58:33','2015-02-17 07:58:33'),(74,1,'ruang','2015-02-17 07:58:33','2015-02-17 07:58:33'),(75,1,'tamu','2015-02-17 07:58:33','2015-02-17 07:58:33'),(76,3,'seluas','2015-02-17 07:58:33','2015-02-17 07:58:33'),(77,10,'mana','2015-02-17 07:58:33','2015-02-17 07:58:33'),(78,33,'Seman','2015-02-17 07:58:33','2015-02-17 07:58:33'),(79,4,'pada','2015-02-17 07:58:33','2015-02-17 07:58:33'),(80,1,'mulanya','2015-02-17 07:58:33','2015-02-17 07:58:33'),(81,5,'terlalu','2015-02-17 07:58:33','2015-02-17 07:58:33'),(82,3,'gembira','2015-02-17 07:58:34','2015-02-17 07:58:34'),(83,2,'menyambut','2015-02-17 07:58:34','2015-02-17 07:58:34'),(84,1,'kedatangan','2015-02-17 07:58:34','2015-02-17 07:58:34'),(85,7,'dan','2015-02-17 07:58:34','2015-02-17 07:58:34'),(86,32,'Maklumlah','2015-02-17 07:58:34','2015-02-17 07:58:34'),(87,34,'mereka','2015-02-17 07:58:34','2015-02-17 07:58:34'),(88,5,'sudah','2015-02-17 07:58:35','2015-02-17 07:58:35'),(89,3,'lama','2015-02-17 07:58:35','2015-02-17 07:58:35'),(90,2,'bertemu','2015-02-17 07:58:35','2015-02-17 07:58:35'),(91,18,'Bukan','2015-02-17 07:58:35','2015-02-17 07:58:35'),(92,3,'senang','2015-02-17 07:58:35','2015-02-17 07:58:35'),(93,4,'untuk','2015-02-17 07:58:35','2015-02-17 07:58:35'),(94,8,'selalu','2015-02-17 07:58:35','2015-02-17 07:58:35'),(95,4,'bersama','2015-02-17 07:58:36','2015-02-17 07:58:36'),(96,8,'begini','2015-02-17 07:58:36','2015-02-17 07:58:36'),(97,8,'Malah','2015-02-17 07:58:36','2015-02-17 07:58:36'),(98,8,'seingat-ingat','2015-02-17 07:58:37','2015-02-17 07:58:37'),(99,32,'inilah','2015-02-17 07:58:37','2015-02-17 07:58:37'),(100,11,'pertama','2015-02-17 07:58:37','2015-02-17 07:58:37'),(101,1,'kali','2015-02-17 07:58:37','2015-02-17 07:58:37'),(102,7,'selepas','2015-02-17 07:58:38','2015-02-17 07:58:38'),(103,1,'kematian','2015-02-17 07:58:38','2015-02-17 07:58:38'),(104,33,'Munah','2015-02-17 07:58:38','2015-02-17 07:58:38'),(105,1,'isterinya','2015-02-17 07:58:38','2015-02-17 07:58:38'),(106,1,'kakak','2015-02-17 07:58:38','2015-02-17 07:58:38'),(107,4,'kepada','2015-02-17 07:58:38','2015-02-17 07:58:38'),(108,7,'Setelah','2015-02-17 07:58:39','2015-02-17 07:58:39'),(109,11,'tujuh','2015-02-17 07:58:39','2015-02-17 07:58:39'),(110,1,'tahun','2015-02-17 07:58:39','2015-02-17 07:58:39'),(111,5,'kurang','2015-02-17 07:58:39','2015-02-17 07:58:39'),(112,2,'meninggal','2015-02-17 07:58:39','2015-02-17 07:58:39'),(113,32,'barulah','2015-02-17 07:58:39','2015-02-17 07:58:39'),(114,35,'ini','2015-02-17 07:58:39','2015-02-17 07:58:39'),(115,2,'berjumpa','2015-02-17 07:58:39','2015-02-17 07:58:39'),(116,8,'semula','2015-02-17 07:58:39','2015-02-17 07:58:39'),(117,7,'Semasa','2015-02-17 07:58:40','2015-02-17 07:58:40'),(118,8,'dulu','2015-02-17 07:58:40','2015-02-17 07:58:40'),(119,33,'Singapura','2015-02-17 07:58:40','2015-02-17 07:58:40'),(120,2,'pergi','2015-02-17 07:58:41','2015-02-17 07:58:41'),(121,2,'makan','2015-02-17 07:58:41','2015-02-17 07:58:41'),(122,1,'angin','2015-02-17 07:58:41','2015-02-17 07:58:41'),(123,4,'ke','2015-02-17 07:58:41','2015-02-17 07:58:41'),(124,33,'Jepun','2015-02-17 07:58:41','2015-02-17 07:58:41'),(125,7,'Walaupun','2015-02-17 07:58:41','2015-02-17 07:58:41'),(126,1,'telegram','2015-02-17 07:58:41','2015-02-17 07:58:41'),(127,2,'dikirim','2015-02-17 07:58:42','2015-02-17 07:58:42'),(128,1,'rumah','2015-02-17 07:58:42','2015-02-17 07:58:42'),(129,7,'namun','2015-02-17 07:58:43','2015-02-17 07:58:43'),(130,11,'sebarang','2015-02-17 07:58:43','2015-02-17 07:58:43'),(131,1,'tindakan','2015-02-17 07:58:44','2015-02-17 07:58:44'),(132,1,'susulan','2015-02-17 07:58:44','2015-02-17 07:58:44'),(133,4,'daripada','2015-02-17 07:58:44','2015-02-17 07:58:44'),(134,1,'anak','2015-02-17 07:58:44','2015-02-17 07:58:44'),(135,1,'buah','2015-02-17 07:58:44','2015-02-17 07:58:44'),(136,34,'sana','2015-02-17 07:58:45','2015-02-17 07:58:45'),(137,1,'hasrat','2015-02-17 14:31:30','2015-02-17 14:31:30'),(138,1,'keinginan','2015-02-17 14:31:30','2015-02-17 14:31:30'),(139,2,'ditahan-tahan','2015-02-17 14:31:31','2015-02-17 14:31:31'),(140,32,'','2015-02-17 14:31:31','2015-02-17 14:31:31'),(141,2,'dibantah-bantah','2015-02-17 14:31:31','2015-02-17 14:31:31'),(142,32,'Begitulah','2015-02-17 14:31:31','2015-02-17 14:31:31'),(143,1,'fiil','2015-02-17 14:31:31','2015-02-17 14:31:31'),(144,10,'Apa','2015-02-17 14:31:31','2015-02-17 14:31:31'),(145,2,'diinginkan','2015-02-17 14:31:31','2015-02-17 14:31:31'),(146,2,'disekat-sekat','2015-02-17 14:31:32','2015-02-17 14:31:32'),(147,2,'bermalam','2015-02-17 14:31:32','2015-02-17 14:31:32'),(148,1,'pondok','2015-02-17 14:31:33','2015-02-17 14:31:33'),(149,3,'buruknya','2015-02-17 14:31:33','2015-02-17 14:31:33'),(150,32,'pun','2015-02-17 14:31:33','2015-02-17 14:31:33'),(151,8,'terutamanya','2015-02-17 14:31:34','2015-02-17 14:31:34'),(152,2,'perasan','2015-02-17 14:31:34','2015-02-17 14:31:34'),(153,35,'itu','2015-02-17 14:31:34','2015-02-17 14:31:34'),(154,4,'Sejak','2015-02-17 14:31:34','2015-02-17 14:31:34'),(155,8,'dulu-dulu','2015-02-17 14:31:35','2015-02-17 14:31:35'),(156,8,'lagi','2015-02-17 14:31:35','2015-02-17 14:31:35'),(157,8,'begitu','2015-02-17 14:31:35','2015-02-17 14:31:35'),(158,5,'pernah','2015-02-17 14:31:36','2015-02-17 14:31:36'),(159,2,'berubah-ubah','2015-02-17 14:31:36','2015-02-17 14:31:36'),(160,32,'sampailah','2015-02-17 14:31:36','2015-02-17 14:31:36'),(161,3,'tua','2015-02-17 14:31:36','2015-02-17 14:31:36'),(162,1,'hotel','2015-02-17 14:31:37','2015-02-17 14:31:37'),(163,3,'Selesa','2015-02-17 14:31:37','2015-02-17 14:31:37'),(164,2,'katanya','2015-02-17 14:31:37','2015-02-17 14:31:37'),(165,11,'banyak','2015-02-17 14:31:37','2015-02-17 14:31:37'),(166,1,'nyamuk','2015-02-17 14:31:37','2015-02-17 14:31:37'),(167,1,'pijat-pijat','2015-02-17 14:31:38','2015-02-17 14:31:38'),(168,1,'tikus','2015-02-17 14:31:38','2015-02-17 14:31:38'),(169,2,'merayap','2015-02-17 14:31:38','2015-02-17 14:31:38'),(170,2,'berkata','2015-02-17 14:31:39','2015-02-17 14:31:39'),(171,34,'apa-apa','2015-02-17 14:31:39','2015-02-17 14:31:39'),(172,1,'hati','2015-02-17 14:31:39','2015-02-17 14:31:39'),(173,3,'tuanya','2015-02-17 14:31:39','2015-02-17 14:31:39'),(174,2,'tersentuh','2015-02-17 14:31:39','2015-02-17 14:31:39'),(175,34,'Dia','2015-02-17 14:31:39','2015-02-17 14:31:39'),(176,2,'mampu','2015-02-17 14:31:39','2015-02-17 14:31:39'),(177,2,'menghalang','2015-02-17 14:31:40','2015-02-17 14:31:40'),(178,1,'kehendak','2015-02-17 14:31:40','2015-02-17 14:31:40'),(179,2,'sedar','2015-02-17 14:31:40','2015-02-17 14:31:40'),(180,1,'keadaan','2015-02-17 14:31:40','2015-02-17 14:31:40'),(181,2,'hidupnya','2015-02-17 14:31:41','2015-02-17 14:31:41'),(182,11,'serba','2015-02-17 14:31:41','2015-02-17 14:31:41'),(183,3,'daif','2015-02-17 14:31:41','2015-02-17 14:31:41'),(184,3,'Gelisah','2015-02-17 14:31:41','2015-02-17 14:31:41'),(185,5,'makin','2015-02-17 14:31:41','2015-02-17 14:31:41'),(186,2,'menjadi','2015-02-17 14:31:41','2015-02-17 14:31:41'),(187,2,'menarik','2015-02-17 14:31:41','2015-02-17 14:31:41'),(188,2,'naik','2015-02-17 14:31:41','2015-02-17 14:31:41'),(189,1,'kain','2015-02-17 14:31:42','2015-02-17 14:31:42'),(190,1,'pelikat','2015-02-17 14:31:42','2015-02-17 14:31:42'),(191,3,'lusuhnya','2015-02-17 14:31:42','2015-02-17 14:31:42'),(192,8,'beransur','2015-02-17 14:31:42','2015-02-17 14:31:42'),(193,2,'menggelongsor','2015-02-17 14:31:43','2015-02-17 14:31:43'),(194,2,'turun','2015-02-17 14:31:43','2015-02-17 14:31:43'),(195,1,'Deru','2015-02-17 14:31:43','2015-02-17 14:31:43'),(196,1,'malam','2015-02-17 14:31:43','2015-02-17 14:31:43'),(197,2,'terasa','2015-02-17 14:31:43','2015-02-17 14:31:43'),(198,2,'mencengkam','2015-02-17 14:31:43','2015-02-17 14:31:43'),(199,3,'Dingin','2015-02-17 14:31:43','2015-02-17 14:31:43'),(200,2,'Menggigil','2015-02-17 14:31:43','2015-02-17 14:31:43'),(201,2,'dibuatnya','2015-02-17 14:31:44','2015-02-17 14:31:44'),(202,8,'Tiba-tiba','2015-02-17 14:31:44','2015-02-17 14:31:44'),(203,1,'wajah','2015-02-17 14:31:44','2015-02-17 14:31:44'),(204,33,'Anisah','2015-02-17 14:31:44','2015-02-17 14:31:44'),(205,2,'bertandang','2015-02-17 14:31:44','2015-02-17 14:31:44'),(206,1,'kamar','2015-02-17 14:31:44','2015-02-17 14:31:44'),(207,1,'ingatannya','2015-02-17 14:31:44','2015-02-17 14:31:44'),(208,32,'Alangkah','2015-02-17 14:31:45','2015-02-17 14:31:45'),(209,3,'bahaginya','2015-02-17 14:31:45','2015-02-17 14:31:45'),(210,7,'kalau','2015-02-17 14:31:45','2015-02-17 14:31:45'),(211,4,'sisinya','2015-02-17 14:31:45','2015-02-17 14:31:45'),(212,1,'sampingnya','2015-02-17 14:31:45','2015-02-17 14:31:45'),(213,1,'saat-saat','2015-02-17 14:31:45','2015-02-17 14:31:45'),(214,2,'Teringat','2015-02-17 14:31:46','2015-02-17 14:31:46'),(215,7,'apabila','2015-02-17 14:31:46','2015-02-17 14:31:46'),(216,2,'menjelang','2015-02-17 14:31:46','2015-02-17 14:31:46'),(217,1,'waktu','2015-02-17 14:31:46','2015-02-17 14:31:46'),(218,1,'tengah','2015-02-17 14:31:46','2015-02-17 14:31:46'),(219,1,'laut','2015-02-17 14:31:47','2015-02-17 14:31:47'),(220,5,'akan','2015-02-17 14:31:47','2015-02-17 14:31:47'),(221,2,'menyediakan','2015-02-17 14:31:47','2015-02-17 14:31:47'),(222,1,'kopi','2015-02-17 14:31:47','2015-02-17 14:31:47'),(223,1,'o\'','2015-02-17 14:31:47','2015-02-17 14:31:47'),(224,3,'panas','2015-02-17 14:31:47','2015-02-17 14:31:47'),(225,3,'Sedap','2015-02-17 14:31:48','2015-02-17 14:31:48'),(226,2,'rasanya','2015-02-17 14:31:48','2015-02-17 14:31:48'),(227,2,'dibancuh','2015-02-17 14:31:48','2015-02-17 14:31:48'),(228,2,'mengalahkan','2015-02-17 14:31:48','2015-02-17 14:31:48'),(229,1,'Pak','2015-02-17 14:31:48','2015-02-17 14:31:48'),(230,33,'Mak','2015-02-17 14:31:48','2015-02-17 14:31:48'),(231,1,'kedainya','2015-02-17 14:31:49','2015-02-17 14:31:49'),(232,2,'terletak','2015-02-17 14:31:49','2015-02-17 14:31:49'),(233,1,'simpang','2015-02-17 14:31:49','2015-02-17 14:31:49'),(234,11,'tiga','2015-02-17 14:31:49','2015-02-17 14:31:49'),(235,1,'jalan','2015-02-17 14:31:49','2015-02-17 14:31:49'),(236,2,'menghala','2015-02-17 14:31:49','2015-02-17 14:31:49'),(237,1,'kampungnya','2015-02-17 14:31:50','2015-02-17 14:31:50'),(238,1,'Pulau','2015-02-17 14:31:50','2015-02-17 14:31:50'),(239,3,'Besar','2015-02-17 14:31:50','2015-02-17 14:31:50'),(240,5,'cukup','2015-02-17 14:31:50','2015-02-17 14:31:50'),(241,1,'secawan','2015-02-17 14:31:50','2015-02-17 14:31:50'),(242,1,'cawan','2015-02-17 14:31:50','2015-02-17 14:31:50'),(243,5,'dapat','2015-02-17 14:31:51','2015-02-17 14:31:51'),(244,2,'dihabiskannya','2015-02-17 14:31:51','2015-02-17 14:31:51'),(245,32,'sahaja','2015-02-17 14:37:45','2015-02-17 14:37:45'),(246,3,'cantik','2015-02-17 14:37:45','2015-02-17 14:37:45'),(247,3,'pintar','2015-02-17 14:37:45','2015-02-17 14:37:45'),(248,1,'gadis','2015-02-17 14:37:45','2015-02-17 14:37:45'),(249,3,'bijak','2015-02-17 14:37:45','2015-02-17 14:37:45'),(250,1,'pelajar','2015-02-17 14:37:46','2015-02-17 14:37:46'),(251,3,'cerdas','2015-02-17 14:37:46','2015-02-17 14:37:46'),(252,1,'dalam','2015-02-17 14:37:46','2015-02-17 14:37:46'),(253,1,'pelajaran','2015-02-17 14:37:46','2015-02-17 14:37:46'),(254,7,'kerana','2015-02-17 14:37:47','2015-02-17 14:37:47'),(255,3,'tempang','2015-02-17 14:37:47','2015-02-17 14:37:47'),(256,2,'terhenjot-henjot','2015-02-17 14:37:47','2015-02-17 14:37:47'),(257,2,'terpaksa','2015-02-17 14:37:48','2015-02-17 14:37:48'),(258,2,'dibantu','2015-02-17 14:37:49','2015-02-17 14:37:49'),(259,1,'kayu','2015-02-17 14:37:49','2015-02-17 14:37:49'),(260,1,'tupang','2015-02-17 14:37:49','2015-02-17 14:37:49'),(261,32,'Itulah','2015-02-17 14:37:49','2015-02-17 14:37:49'),(262,1,'kekurangan','2015-02-17 14:37:50','2015-02-17 14:37:50'),(263,2,'mengeluh','2015-02-17 14:37:50','2015-02-17 14:37:50'),(264,3,'kecil','2015-02-17 14:37:51','2015-02-17 14:37:51'),(265,8,'semakin','2015-02-17 14:37:51','2015-02-17 14:37:51'),(266,2,'larut','2015-02-17 14:37:51','2015-02-17 14:37:51'),(267,1,'bulan','2015-02-17 14:37:51','2015-02-17 14:37:51'),(268,2,'berengsot','2015-02-17 14:37:51','2015-02-17 14:37:51'),(269,3,'pudar','2015-02-17 14:37:52','2015-02-17 14:37:52'),(270,1,'Bintang-bintang','2015-02-17 14:37:52','2015-02-17 14:37:52'),(271,2,'mengerdip','2015-02-17 14:37:52','2015-02-17 14:37:52'),(272,3,'samar','2015-02-17 14:37:52','2015-02-17 14:37:52'),(273,1,'gelora','2015-02-17 14:37:53','2015-02-17 14:37:53'),(274,1,'ombak','2015-02-17 14:37:53','2015-02-17 14:37:53'),(275,2,'membadai','2015-02-17 14:37:54','2015-02-17 14:37:54'),(276,3,'resah','2015-02-17 14:37:54','2015-02-17 14:37:54'),(277,1,'dada','2015-02-17 14:37:55','2015-02-17 14:37:55'),(278,2,'beralun-alun','2015-02-17 14:37:55','2015-02-17 14:37:55'),(279,2,'bergulung-gulung','2015-02-17 14:37:55','2015-02-17 14:37:55'),(280,3,'Perlahan','2015-02-17 14:37:55','2015-02-17 14:37:55'),(281,2,'bangkit','2015-02-17 14:37:55','2015-02-17 14:37:55'),(282,2,'mengatup','2015-02-17 14:37:55','2015-02-17 14:37:55'),(283,1,'daun','2015-02-17 14:37:55','2015-02-17 14:37:55'),(284,1,'pintu','2015-02-17 14:37:56','2015-02-17 14:37:56'),(285,2,'berlorekkan','2015-02-17 14:37:56','2015-02-17 14:37:56'),(286,1,'bunga','2015-02-17 14:37:56','2015-02-17 14:37:56'),(287,3,'raya','2015-02-17 14:37:56','2015-02-17 14:37:56'),(288,4,'Dengan','2015-02-17 14:37:56','2015-02-17 14:37:56'),(289,3,'malas','2015-02-17 14:37:56','2015-02-17 14:37:56'),(290,2,'merebahkan','2015-02-17 14:37:57','2015-02-17 14:37:57'),(291,1,'badannya','2015-02-17 14:37:57','2015-02-17 14:37:57'),(292,1,'atas','2015-02-17 14:37:57','2015-02-17 14:37:57'),(293,1,'tilam','2015-02-17 14:37:57','2015-02-17 14:37:57'),(294,2,'carik','2015-02-17 14:37:57','2015-02-17 14:37:57'),(295,2,'terjongkol','2015-02-17 14:37:58','2015-02-17 14:37:58'),(296,1,'kekabu','2015-02-17 14:37:58','2015-02-17 14:37:58'),(297,2,'hilang','2015-02-17 14:37:58','2015-02-17 14:37:58'),(298,1,'warna','2015-02-17 14:37:59','2015-02-17 14:37:59'),(299,1,'keputihannya','2015-02-17 14:37:59','2015-02-17 14:37:59'),(300,2,'terlena','2015-02-17 14:38:02','2015-02-17 14:38:02'),(301,3,'akhirnya','2015-02-17 14:38:02','2015-02-17 14:38:02'),(302,1,'getaran','2015-02-17 14:38:03','2015-02-17 14:38:03'),(303,1,'Matahari','2015-02-17 14:38:04','2015-02-17 14:38:04'),(304,2,'meninggi','2015-02-17 14:38:04','2015-02-17 14:38:04'),(305,8,'hampir','2015-02-17 14:38:04','2015-02-17 14:38:04'),(306,1,'segalah','2015-02-17 14:38:04','2015-02-17 14:38:04'),(307,1,'Tompokan','2015-02-17 14:38:05','2015-02-17 14:38:05'),(308,1,'awan','2015-02-17 14:38:05','2015-02-17 14:38:05'),(309,3,'putih','2015-02-17 14:38:05','2015-02-17 14:38:05'),(310,2,'berarak','2015-02-17 14:38:05','2015-02-17 14:38:05'),(311,3,'gagah','2015-02-17 14:38:05','2015-02-17 14:38:05'),(312,1,'tanda-tanda','2015-02-17 14:38:06','2015-02-17 14:38:06'),(313,1,'hujan','2015-02-17 14:38:06','2015-02-17 14:38:06'),(314,2,'mencurah','2015-02-17 14:38:06','2015-02-17 14:38:06'),(315,1,'Persekitaran','2015-02-17 14:38:06','2015-02-17 14:38:06'),(316,1,'kampung','2015-02-17 14:38:06','2015-02-17 14:38:06'),(317,1,'jajahan','2015-02-17 14:38:07','2015-02-17 14:38:07'),(318,33,'Tumpat','2015-02-17 14:38:07','2015-02-17 14:38:07'),(319,3,'terang','2015-02-17 14:38:07','2015-02-17 14:38:07'),(320,3,'benderang','2015-02-17 14:38:07','2015-02-17 14:38:07'),(321,2,'mengucap','2015-02-17 14:38:07','2015-02-17 14:38:07'),(322,1,'syukur','2015-02-17 14:38:08','2015-02-17 14:38:08'),(323,3,'lega','2015-02-17 14:38:08','2015-02-17 14:38:08'),(324,2,'bermakna','2015-02-17 14:38:08','2015-02-17 14:38:08'),(325,32,'dapatlah','2015-02-17 14:38:08','2015-02-17 14:38:08'),(326,8,'nanti','2015-02-17 14:38:08','2015-02-17 14:38:08'),(327,8,'Sekurang-kurangnya','2015-02-17 14:38:08','2015-02-17 14:38:08'),(328,2,'menambahkan','2015-02-17 14:38:09','2015-02-17 14:38:09'),(329,1,'rezekinya','2015-02-17 14:38:09','2015-02-17 14:38:09'),(330,1,'minggu','2015-02-17 14:38:09','2015-02-17 14:38:09'),(331,1,'Bakul-bakul','2015-02-17 14:38:09','2015-02-17 14:38:09'),(332,1,'topi-topi','2015-02-17 14:38:10','2015-02-17 14:38:10'),(333,2,'dianyamkan','2015-02-17 14:38:10','2015-02-17 14:38:10'),(334,3,'sepanjang','2015-02-17 14:38:10','2015-02-17 14:38:10'),(335,2,'lalu','2015-02-17 14:38:10','2015-02-17 14:38:10'),(336,2,'siap','2015-02-17 14:38:11','2015-02-17 14:38:11'),(337,11,'semuanya','2015-02-17 14:38:11','2015-02-17 14:38:11'),(338,5,'perlu','2015-02-17 14:38:11','2015-02-17 14:38:11'),(339,2,'menunggu','2015-02-17 14:38:12','2015-02-17 14:38:12'),(340,1,'orang-orang','2015-02-17 14:38:12','2015-02-17 14:38:12'),(341,4,'dari','2015-02-17 14:38:12','2015-02-17 14:38:12'),(342,1,'pusat','2015-02-17 14:38:12','2015-02-17 14:38:12'),(343,1,'kraftangan','2015-02-17 14:38:12','2015-02-17 14:38:12'),(344,2,'mengambilnya','2015-02-17 14:38:12','2015-02-17 14:38:12'),(345,2,'dipasarkan','2015-02-17 14:38:12','2015-02-17 14:38:12'),(346,1,'bandar','2015-02-17 14:38:13','2015-02-17 14:38:13'),(347,1,'Kota','2015-02-17 14:38:13','2015-02-17 14:38:13'),(348,3,'Bharu','2015-02-17 14:38:13','2015-02-17 14:38:13'),(349,7,'atau','2015-02-17 14:38:13','2015-02-17 14:38:13'),(350,1,'sebagainya','2015-02-17 14:38:13','2015-02-17 14:38:13'),(351,8,'Sekarang','2015-02-17 14:38:13','2015-02-17 14:38:13'),(352,1,'musim','2015-02-17 14:38:13','2015-02-17 14:38:13'),(353,2,'Melawat','2015-02-17 14:38:13','2015-02-17 14:38:13'),(354,33,'Malaysia','2015-02-17 14:38:13','2015-02-17 14:38:13'),(355,2,'kata','2015-02-17 14:38:14','2015-02-17 14:38:14'),(356,1,'pegawai-pegawai','2015-02-17 14:38:14','2015-02-17 14:38:14'),(357,32,'/','2015-02-17 15:23:43','2015-02-17 15:23:43'),(358,32,'/+$','2015-02-17 15:23:45','2015-02-17 15:23:45'),(359,32,'Long\"_NK','2015-02-17 15:23:51','2015-02-17 15:23:51');

/*Table structure for table `korpus_frequencies` */

DROP TABLE IF EXISTS `korpus_frequencies`;

CREATE TABLE `korpus_frequencies` (
  `id` int(11) unsigned NOT NULL AUTO_INCREMENT,
  `fkid` int(11) unsigned NOT NULL,
  `table` varchar(45) DEFAULT NULL,
  `value` int(11) DEFAULT NULL,
  `created` datetime DEFAULT NULL,
  `modified` datetime DEFAULT NULL,
  PRIMARY KEY (`id`,`fkid`)
) ENGINE=InnoDB DEFAULT CHARSET=latin1;

/*Data for the table `korpus_frequencies` */

/*Table structure for table `korpus_inputs` */

DROP TABLE IF EXISTS `korpus_inputs`;

CREATE TABLE `korpus_inputs` (
  `id` int(11) unsigned NOT NULL AUTO_INCREMENT,
  `value` longtext,
  `stripped` longtext,
  `converted` longtext,
  `type` enum('DBP','KBM','UNT') DEFAULT NULL,
  `created` datetime DEFAULT NULL,
  `modified` datetime DEFAULT NULL,
  PRIMARY KEY (`id`)
) ENGINE=InnoDB AUTO_INCREMENT=8 DEFAULT CHARSET=latin1;

/*Data for the table `korpus_inputs` */

insert  into `korpus_inputs`(`id`,`value`,`stripped`,`converted`,`type`,`created`,`modified`) values (1,'Besah_NK lebih_PI mementingkan_KT diri_NA sendiri_GK ._. Sama_SA juga_LA seperti_IA Jusoh_NK ,_, suami_NA Besah_NK ._. Masing-masing_BK keras_SA kepala_NA ._. Langsung_AA tidak_XA mahu_KK berunding_KI secara_NA damai_SA ._. Tidak_XA mahu_KK berunding_KI ,_,  berkira_KI bicara_NA secara_NA adik_NA beradik_KA ._. Cuma_AA bezanya_NA ,_,+$ Jusoh_NK agak_PI pendiam_SA ._. Tidak_XA becok_SA seperti_IA mulut_NA Besah_NK yang_HR cakapnya_NA+$ sering_AF tidak_XA berlapik_KI ._. Macam_IA murai_NA yang_HR dicabut_KP ekornya_NA ,_,+$ dua_#K puluh_#K empat_#K jam_NW berdecit_KA bising_SA ._. Tapi_HS Jusoh_NK masih_PA boleh_PM diajak_KP kira_NA bicara_NA ._.  Masih_PA boleh_PM dibawa_KP berunding_KI ._. Tapi_HS masih_PA juga_LA mengikut_KT telunjuk_NA isteri_NA ._. Masih_PA dikontrol_KP oleh_IA Besah_NK ._. Langsung_AA Jusoh_NK tidak_XA berani_SA membantah_KT ._. Tidak_XA tahu_KC memprotes_KI ._.  \" Kami_GD datang_KI ni_DA ada_KW hajat_NA ,_, Abang_NA Long,\"_NK Besah_NK memulakan_KT bicara_NA sebaik_SS saja_LA bersimpuh_KI di_IL ruang_NA tamu_NA yang_HR tidak_XA seluas_SS mana_TL ._. Seman_NK pada_IA mulanya_NA+$ terlalu_PI gembira_SA menyambut_KT kedatangan_NA Besah_NK dan_HS Jusoh_NK ._. Maklumlah_KX+E mereka_GD sudah_PA terlalu_PI lama_SA tidak_XA bertemu_KI ._. Bukan_XN senang_SA untuk_IA selalu_AF bersama_IA begini_AC ._. Malah_AA ,_, seingat-ingat_AA Seman_NK ,_, inilah_DA+E pertama_#O kali_NA mereka_GD bertemu_KI selepas_HB kematian_NA Munah_NK ,_, isterinya_NA+$ yang_HR juga_LA kakak_NA kepada_IL Besah_NK ._. Setelah_HB tujuh_#K tahun_NW lebih_PI kurang_PI isterinya_NA+$ meninggal_KI barulah_SA+E kali_NA ini_DA mereka_GD berjumpa_KT semula_AA ._. Semasa_HB kematian_NA Munah_NK dulu_AW ,_, Besah_NK dan_HS Jusoh_NK tidak_XA di_IL Singapura_NK ._. Mereka_GD pergi_KI makan_KT angin_NA ke_IL Jepun_NK ._. Walaupun_HB telegram_NA dikirim_KP ke_IL rumah_NA mereka_GD di_IL Singapura_NK ,_, namun_HB tidak_XA ada_KW sebarang_BK tindakan_NA susulan_NA daripada_IA anak_NA buah_NP mereka_GD di_IL sana_GL ._.','Besah lebih mementingkan diri sendiri. Sama juga seperti Jusoh, suami Besah. Masing-masing keras kepala. Langsung tidak mahu berunding secara damai. Tidak mahu berunding,  berkira bicara secara adik beradik. Cuma bezanya, Jusoh agak pendiam. Tidak becok seperti mulut Besah yang cakapnya sering tidak berlapik. Macam murai yang dicabut ekornya, dua puluh empat jam berdecit bising. Tapi Jusoh masih boleh diajak kira bicara.  Masih boleh dibawa berunding. Tapi masih juga mengikut telunjuk isteri. Masih dikontrol oleh Besah. Langsung Jusoh tidak berani membantah. Tidak tahu memprotes.  \" Kami datang ni ada hajat, Abang Long,\" Besah memulakan bicara sebaik saja bersimpuh di ruang tamu yang tidak seluas mana. Seman pada mulanya terlalu gembira menyambut kedatangan Besah dan Jusoh. Maklumlah mereka sudah terlalu lama tidak bertemu. Bukan senang untuk selalu bersama begini. Malah, seingat-ingat Seman, inilah pertama kali mereka bertemu selepas kematian Munah, isterinya yang juga kakak kepada Besah. Setelah tujuh tahun lebih kurang isterinya meninggal barulah kali ini mereka berjumpa semula. Semasa kematian Munah dulu, Besah dan Jusoh tidak di Singapura. Mereka pergi makan angin ke Jepun. Walaupun telegram dikirim ke rumah mereka di Singapura, namun tidak ada sebarang tindakan susulan daripada anak buah mereka di sana.','Besah/KNK lebih/KB mementingkan/KK diri/KN sendiri/KGN ./. Sama/ADJ juga/NON seperti/KSN Jusoh/KNK ,/, suami/KN Besah/KNK ./. Masing-masing/KBIL keras/ADJ kepala/KN ./. Langsung/ADV tidak/KNF mahu/KK berunding/KK secara/KN damai/ADJ ./. Tidak/KNF mahu/KK berunding/KK ,/,  berkira/KK bicara/KN secara/KN adik/KN beradik/KK ./. Cuma/ADV bezanya/KN ,/,+$ Jusoh/KNK agak/KB pendiam/ADJ ./. Tidak/KNF becok/ADJ seperti/KSN mulut/KN Besah/KNK yang/KH cakapnya/KN sering/ADV tidak/KNF berlapik/KK ./. Macam/KSN murai/KN yang/KH dicabut/KK ekornya/KN ,/,+$ dua/KBIL puluh/KBIL empat/KBIL jam/KN berdecit/KK bising/ADJ ./. Tapi/KH Jusoh/KNK masih/KB boleh/KB diajak/KK kira/KN bicara/KN ./.  Masih/KB boleh/KB dibawa/KK berunding/KK ./. Tapi/KH masih/KB juga/NON mengikut/KK telunjuk/KN isteri/KN ./. Masih/KB dikontrol/KK oleh/KSN Besah/KNK ./. Langsung/ADV Jusoh/KNK tidak/KNF berani/ADJ membantah/KK ./. Tidak/KNF tahu/KK memprotes/KK ./.  \"/NON Kami/KGN datang/KK ni/KGT ada/NON hajat/KN ,/, Abang/KN Long,\"/NON_NK Besah/KNK memulakan/KK bicara/KN sebaik/ADJ saja/NON bersimpuh/KK di/KSN ruang/KN tamu/KN yang/KH tidak/KNF seluas/ADJ mana/KT ./. Seman/KNK pada/KSN mulanya/KN terlalu/KB gembira/ADJ menyambut/KK kedatangan/KN Besah/KNK dan/KH Jusoh/KNK ./. Maklumlah/NON mereka/KGN sudah/KB terlalu/KB lama/ADJ tidak/KNF bertemu/KK ./. Bukan/KNF senang/ADJ untuk/KSN selalu/ADV bersama/KSN begini/ADV ./. Malah/ADV ,/, seingat-ingat/ADV Seman/KNK ,/, inilah/NON pertama/KBIL kali/KN mereka/KGN bertemu/KK selepas/KH kematian/KN Munah/KNK ,/, isterinya/KN yang/KH juga/NON kakak/KN kepada/KSN Besah/KNK ./. Setelah/KH tujuh/KBIL tahun/KN lebih/KB kurang/KB isterinya/KN meninggal/KK barulah/NON kali/KN ini/KGT mereka/KGN berjumpa/KK semula/ADV ./. Semasa/KH kematian/KN Munah/KNK dulu/ADV ,/, Besah/KNK dan/KH Jusoh/KNK tidak/KNF di/KSN Singapura/KNK ./. Mereka/KGN pergi/KK makan/KK angin/KN ke/KSN Jepun/KNK ./. Walaupun/KH telegram/KN dikirim/KK ke/KSN rumah/KN mereka/KGN di/KSN Singapura/KNK ,/, namun/KH tidak/KNF ada/NON sebarang/KBIL tindakan/KN susulan/KN daripada/KSN anak/KN buah/KN mereka/KGN di/KSN sana/KGN ./.','DBP','2015-02-17 07:58:21','2015-02-17 07:58:21'),(2,'Tapi_HS hasrat_NA dan_HS keinginan_NA Besah_NK tidak_XA boleh_PM ditahan-tahan_KP ._. Tidak_XA boleh_PM dibantah-bantah_KP !_! Begitulah_DA+E fiil_NA Besah_NK ._. Apa_TN yang_HR diinginkan_KP tidak_XA boleh_PM disekat-sekat_KP ._. Diajak_KP mereka_GD bermalam_KI di_IL pondok_NA buruknya_SA+$ pun_LA tidak_XA mahu_KK ,_, Besah_NK terutamanya_AA ._.+$ Seman_NK perasan_KC itu_DA ._.  Sejak_IA dulu-dulu_AW lagi_AA fiil_NA Besah_NK begitu_AC ._. TIdak_XA pernah_PA berubah-ubah_KI sampailah_HB+E ke_IL tua_SA ._.  Besah_NK lebih_PI senang_SA bermalam_KI di_IL hotel_NA ._. Selesa_SA ,_, katanya_KT ._.+$ Tidak_XA banyak_BK nyamuk_NA macam_IA di_IL rumah_NA Seman_NK ._. Di_IL hotel_NA tidak_XA ada_KW pijat-pijat_NA ,_,  tidak_XA ada_KW tikus_NA yang_HR merayap_KI ._. Seman_NK tidak_XA berkata_KC apa-apa_GI ._. Tapi_HS hati_NA tuanya_SA+$ tersentuh_KT juga_LA ._. Dia_GD tidak_XA mampu_KK menghalang_KT ._.  Itu_Da sudah_PA kehendak_NA Besah_NK sendiri_GK ._. Dia_GD sedar_KC keadaan_NA hidupnya_KI+$ yang_HR serba_BK daif_SA ._. Gelisah_SA Seman_NK makin_PI menjadi_KH ._. Seman_NK menarik_KT naik_KT kain_NA pelikat_NA lusuhnya_SA+$ itu_DA yang_HR beransur_AC menggelongsor_KI turun_KI ._. Deru_NA angin_NA malam_NW terasa_KH begitu_AC mencengkam_KT ._. Dingin_SA ._. Menggigil_KI Seman_NK dibuatnya_KP ._.+$ Tiba-tiba_AC wajah_NA Anisah_NK bertandang_KA lagi_AA di_IL kamar_NA ingatannya_NA ._.+$ Alangkah_ZS bahaginya_SA+$ kalau_HB Anisah_NK ada_KW di_IL sisinya_IL ._.+$ Ada_KW di_IL sampingnya_NA+$ pada_IA saat-saat_NA begini_AC ._.  Teringat_KS Seman_NK apabila_HB menjelang_KT waktu_NA tengah_NL malam_NW begini_AC ,_, kalau_HB dia_GD tidak_XA turun_KI ke_IL laut_NA ,_, Anisah_NK akan_PA menyediakan_KT kopi_NA o\'_NA panas_SA ._. Sedap_SA rasanya_KI+$ kopi_NA o\'_NA yang_HR dibancuh_KP oleh_IA Anisah_NK ,_, mengalahkan_KT kopi_NA o\'_NA Pak_NG Mak_NK yang_HR kedainya_NA+$ terletak_KS di_IL simpang_NA tiga_#K jalan_NA menghala_KT ke_IL kampungnya_NA ,_,+$ Pulau_NA Besar_SA ._. Tidak_XA cukup_PI secawan_NS ,_, dua_#K tiga_#K cawan_NA pun_LA dapat_PM dihabiskannya_KP ._.+$','Tapi hasrat dan keinginan Besah tidak boleh ditahan-tahan. Tidak boleh dibantah-bantah! Begitulah fiil Besah. Apa yang diinginkan tidak boleh disekat-sekat. Diajak mereka bermalam di pondok buruknya pun tidak mahu, Besah terutamanya. Seman perasan itu.  Sejak dulu-dulu lagi fiil Besah begitu. TIdak pernah berubah-ubah sampailah ke tua.  Besah lebih senang bermalam di hotel. Selesa, katanya. Tidak banyak nyamuk macam di rumah Seman. Di hotel tidak ada pijat-pijat,  tidak ada tikus yang merayap. Seman tidak berkata apa-apa. Tapi hati tuanya tersentuh juga. Dia tidak mampu menghalang.  Itu sudah kehendak Besah sendiri. Dia sedar keadaan hidupnya yang serba daif. Gelisah Seman makin menjadi. Seman menarik naik kain pelikat lusuhnya itu yang beransur menggelongsor turun. Deru angin malam terasa begitu mencengkam. Dingin. Menggigil Seman dibuatnya. Tiba-tiba wajah Anisah bertandang lagi di kamar ingatannya. Alangkah bahaginya kalau Anisah ada di sisinya. Ada di sampingnya pada saat-saat begini.  Teringat Seman apabila menjelang waktu tengah malam begini, kalau dia tidak turun ke laut, Anisah akan menyediakan kopi o\' panas. Sedap rasanya kopi o\' yang dibancuh oleh Anisah, mengalahkan kopi o\' Pak Mak yang kedainya terletak di simpang tiga jalan menghala ke kampungnya, Pulau Besar. Tidak cukup secawan, dua tiga cawan pun dapat dihabiskannya.','Tapi/KH hasrat/KN dan/KH keinginan/KN Besah/KNK tidak/KNF boleh/KB ditahan-tahan/KK ./. Tidak/KNF boleh/KB dibantah-bantah/KK !/! Begitulah/NON fiil/KN Besah/KNK ./. Apa/KT yang/KH diinginkan/KK tidak/KNF boleh/KB disekat-sekat/KK ./. Diajak/KK mereka/KGN bermalam/KK di/KSN pondok/KN buruknya/ADJ pun/NON tidak/KNF mahu/KK ,/, Besah/KNK terutamanya/ADV ./.+$ Seman/KNK perasan/KK itu/KGT ./.  Sejak/KSN dulu-dulu/ADV lagi/ADV fiil/KN Besah/KNK begitu/ADV ./. TIdak/KNF pernah/KB berubah-ubah/KK sampailah/NON ke/KSN tua/ADJ ./.  Besah/KNK lebih/KB senang/ADJ bermalam/KK di/KSN hotel/KN ./. Selesa/ADJ ,/, katanya/KK ./.+$ Tidak/KNF banyak/KBIL nyamuk/KN macam/KSN di/KSN rumah/KN Seman/KNK ./. Di/KSN hotel/KN tidak/KNF ada/NON pijat-pijat/KN ,/,  tidak/KNF ada/NON tikus/KN yang/KH merayap/KK ./. Seman/KNK tidak/KNF berkata/KK apa-apa/KGN ./. Tapi/KH hati/KN tuanya/ADJ tersentuh/KK juga/NON ./. Dia/KGN tidak/KNF mampu/KK menghalang/KK ./.  Itu/KGT sudah/KB kehendak/KN Besah/KNK sendiri/KGN ./. Dia/KGN sedar/KK keadaan/KN hidupnya/KK yang/KH serba/KBIL daif/ADJ ./. Gelisah/ADJ Seman/KNK makin/KB menjadi/KK ./. Seman/KNK menarik/KK naik/KK kain/KN pelikat/KN lusuhnya/ADJ itu/KGT yang/KH beransur/ADV menggelongsor/KK turun/KK ./. Deru/KN angin/KN malam/KN terasa/KK begitu/ADV mencengkam/KK ./. Dingin/ADJ ./. Menggigil/KK Seman/KNK dibuatnya/KK ./.+$ Tiba-tiba/ADV wajah/KN Anisah/KNK bertandang/KK lagi/ADV di/KSN kamar/KN ingatannya/KN ./.+$ Alangkah/NON bahaginya/ADJ kalau/KH Anisah/KNK ada/NON di/KSN sisinya/KSN ./.+$ Ada/NON di/KSN sampingnya/KN pada/KSN saat-saat/KN begini/ADV ./.  Teringat/KK Seman/KNK apabila/KH menjelang/KK waktu/KN tengah/KN malam/KN begini/ADV ,/, kalau/KH dia/KGN tidak/KNF turun/KK ke/KSN laut/KN ,/, Anisah/KNK akan/KB menyediakan/KK kopi/KN o\'/KN panas/ADJ ./. Sedap/ADJ rasanya/KK kopi/KN o\'/KN yang/KH dibancuh/KK oleh/KSN Anisah/KNK ,/, mengalahkan/KK kopi/KN o\'/KN Pak/KN Mak/KNK yang/KH kedainya/KN terletak/KK di/KSN simpang/KN tiga/KBIL jalan/KN menghala/KK ke/KSN kampungnya/KN ,/,+$ Pulau/KN Besar/ADJ ./. Tidak/KNF cukup/KB secawan/KN ,/, dua/KBIL tiga/KBIL cawan/KN pun/NON dapat/KB dihabiskannya/KK ./.+$','DBP','2015-02-17 14:31:29','2015-02-17 14:31:29'),(5,'Bukan_XN sahaja_LA cantik_SA ,_, tapi_HS juga_LA pintar_SA ._. Anisah_NK gadis_NA yang_HR bijak_SA ,_, pelajar_NA yang_HR cerdas_SA dalam_NL pelajaran_NA ._. Kalau_HB kurang_PI pun_LAmu ,_,ngkin_PM kerana_HB Anisah_NK tempang_SA ._. Jalan_NA Anisah_NK terhenjot-henjot_KS ,_, malah_AA terpaksa_KS dibantu_KP oleh_IA kayu_NA tupang_NA ._. Itulah_DA+E kekurangan_NA Anisah_NK !_! Seman_NK mengeluh_KI kecil_SA ._. Malam_NW semakin_AI larut_KT ._. Wajah_NA bulan_NA pun_LA semakin_AI berengsot_KI dan_HS pudar_SA ._. Bintang-bintang_NA mengerdip_KT samar_SA ._. Cuma_AA gelora_NA ombak_NA yang_HR masih_PA keras_SA membadai_KI ._. Seperti_IA gelora_NA resah_SA di_IL dada_NA Seman_NK ,_, beralun-alun_KA ,_, bergulung-gulung_KI !_! Perlahan_SA Seman_NK bangkit_KI dan_HS mengatup_KT daun_NA pintu_NA yang_HR berlorekkan_KT bunga_NA raya_SA ._. Dengan_IA malas_SA Seman_NK merebahkan_KT badannya_NA+$ di_IL atas_NL tilam_NA yang_HR sudah_PA carik_KT ,_, terjongkol_KS kekabu_NA yang_HR sudah_PA hilang_KT warna_NA keputihannya_NA ._.+$ Seman_NK terlena_KS akhirnya_SA+$ dalam_NL getaran_NA ombak_NA di_IL dada_NA !_! Matahari_NA sudah_PA meninggi_KI hampir_AT segalah_NP ._. Tompokan_NA awan_NA putih_SA berarak_KI gagah_SA di_IL dada_NA awan_NA ._. Tidak_XA ada_KW tanda-tanda_NA hujan_NA akan_PA mencurah_KT ._. Persekitaran_NA kampung_NA Pulau_NA Besar_SA dalam_NL jajahan_NA Tumpat_NK ,_, terang_SA benderang_SA ._. Seman_NK mengucap_KT syukur_NA ,_, lega_SA ._. Ini_DA bermakna_KA dapatlah_KI+E dia_GD ke_IL laut_NA malam_NW nanti_AW ._. Sekurang-kurangnya_AI dia_GD dapat_PM menambahkan_KT rezekinya_NA+$ pada_IA minggu_NW ini_DA ._. Bakul-bakul_NA dan_HS topi-topi_NA yang_HR dianyamkan_KP sepanjang_SS minggu_NW lalu_KI sudah_PA siap_KT semuanya_BK+$ dan_HS dia_GD cuma_AA perlu_PM menunggu_KT orang-orang_NA dari_IL pusat_NA kraftangan_NA datang_KI mengambilnya_KT+$ untuk_IA dibawa_KP dan_HS dipasarkan_KP di_IL bandar_NA Kota_NA Bharu_SA atau_HS sebagainya_NA ._.+$ Sekarang_AW musim_NA Tahun_NW Melawat_KT Malaysia_NK ,_, kata_KT pegawai-pegawai_NA dari_IL pusat_NA kraftangan_NA ._. ','Bukan sahaja cantik, tapi juga pintar. Anisah gadis yang bijak, pelajar yang cerdas dalam pelajaran. Kalau kurang pun, kerana Anisah tempang. Jalan Anisah terhenjot-henjot, malah terpaksa dibantu oleh kayu tupang. Itulah kekurangan Anisah! Seman mengeluh kecil. Malam semakin larut. Wajah bulan pun semakin berengsot dan pudar. Bintang-bintang mengerdip samar. Cuma gelora ombak yang masih keras membadai. Seperti gelora resah di dada Seman, beralun-alun, bergulung-gulung! Perlahan Seman bangkit dan mengatup daun pintu yang berlorekkan bunga raya. Dengan malas Seman merebahkan badannya di atas tilam yang sudah carik, terjongkol kekabu yang sudah hilang warna keputihannya. Seman terlena akhirnya dalam getaran ombak di dada! Matahari sudah meninggi hampir segalah. Tompokan awan putih berarak gagah di dada awan. Tidak ada tanda-tanda hujan akan mencurah. Persekitaran kampung Pulau Besar dalam jajahan Tumpat, terang benderang. Seman mengucap syukur, lega. Ini bermakna dapatlah dia ke laut malam nanti. Sekurang-kurangnya dia dapat menambahkan rezekinya pada minggu ini. Bakul-bakul dan topi-topi yang dianyamkan sepanjang minggu lalu sudah siap semuanya dan dia cuma perlu menunggu orang-orang dari pusat kraftangan datang mengambilnya untuk dibawa dan dipasarkan di bandar Kota Bharu atau sebagainya. Sekarang musim Tahun Melawat Malaysia, kata pegawai-pegawai dari pusat kraftangan. ','Bukan/KNF sahaja/NON cantik/ADJ ,/, tapi/KH juga/NON pintar/ADJ ./. Anisah/KNK gadis/KN yang/KH bijak/ADJ ,/, pelajar/KN yang/KH cerdas/ADJ dalam/KN pelajaran/KN ./. Kalau/KH kurang/KB pun/NON ,/,ngkin_PM kerana/KH Anisah/KNK tempang/ADJ ./. Jalan/KN Anisah/KNK terhenjot-henjot/KK ,/, malah/ADV terpaksa/KK dibantu/KK oleh/KSN kayu/KN tupang/KN ./. Itulah/NON kekurangan/KN Anisah/KNK !/! Seman/KNK mengeluh/KK kecil/ADJ ./. Malam/KN semakin/ADV larut/KK ./. Wajah/KN bulan/KN pun/NON semakin/ADV berengsot/KK dan/KH pudar/ADJ ./. Bintang-bintang/KN mengerdip/KK samar/ADJ ./. Cuma/ADV gelora/KN ombak/KN yang/KH masih/KB keras/ADJ membadai/KK ./. Seperti/KSN gelora/KN resah/ADJ di/KSN dada/KN Seman/KNK ,/, beralun-alun/KK ,/, bergulung-gulung/KK !/! Perlahan/ADJ Seman/KNK bangkit/KK dan/KH mengatup/KK daun/KN pintu/KN yang/KH berlorekkan/KK bunga/KN raya/ADJ ./. Dengan/KSN malas/ADJ Seman/KNK merebahkan/KK badannya/KN di/KSN atas/KN tilam/KN yang/KH sudah/KB carik/KK ,/, terjongkol/KK kekabu/KN yang/KH sudah/KB hilang/KK warna/KN keputihannya/KN ./.+$ Seman/KNK terlena/KK akhirnya/ADJ dalam/KN getaran/KN ombak/KN di/KSN dada/KN !/! Matahari/KN sudah/KB meninggi/KK hampir/ADV segalah/KN ./. Tompokan/KN awan/KN putih/ADJ berarak/KK gagah/ADJ di/KSN dada/KN awan/KN ./. Tidak/KNF ada/NON tanda-tanda/KN hujan/KN akan/KB mencurah/KK ./. Persekitaran/KN kampung/KN Pulau/KN Besar/ADJ dalam/KN jajahan/KN Tumpat/KNK ,/, terang/ADJ benderang/ADJ ./. Seman/KNK mengucap/KK syukur/KN ,/, lega/ADJ ./. Ini/KGT bermakna/KK dapatlah/NON dia/KGN ke/KSN laut/KN malam/KN nanti/ADV ./. Sekurang-kurangnya/ADV dia/KGN dapat/KB menambahkan/KK rezekinya/KN pada/KSN minggu/KN ini/KGT ./. Bakul-bakul/KN dan/KH topi-topi/KN yang/KH dianyamkan/KK sepanjang/ADJ minggu/KN lalu/KK sudah/KB siap/KK semuanya/KBIL dan/KH dia/KGN cuma/ADV perlu/KB menunggu/KK orang-orang/KN dari/KSN pusat/KN kraftangan/KN datang/KK mengambilnya/KK untuk/KSN dibawa/KK dan/KH dipasarkan/KK di/KSN bandar/KN Kota/KN Bharu/ADJ atau/KH sebagainya/KN ./.+$ Sekarang/ADV musim/KN Tahun/KN Melawat/KK Malaysia/KNK ,/, kata/KK pegawai-pegawai/KN dari/KSN pusat/KN kraftangan/KN ./. ','DBP','2015-02-17 14:54:13','2015-02-17 14:54:13'),(6,'Besah/KNK lebih/KB mementingkan/KK diri/KN sendiri/KGN ./. Sama/ADJ juga/NON seperti/KSN Jusoh/KNK ,/, suami/KN Besah/KNK ./. Masing-masing/KBIL keras/ADJ kepala/KN ./. Langsung/ADV tidak/KNF mahu/KK berunding/KK secara/KN damai/ADJ ./. Tidak/KNF mahu/KK berunding/KK ,/, berkira/KK bicara/KN secara/KN adik/KN beradik/KK ./. Cuma/ADV bezanya/KN ,/,+$ Jusoh/KNK agak/KB pendiam/ADJ ./. Tidak/KNF becok/ADJ seperti/KSN mulut/KN Besah/KNK yang/KH cakapnya/KN sering/ADV tidak/KNF berlapik/KK ./. Macam/KSN murai/KN yang/KH dicabut/KK ekornya/KN ,/,+$ dua/KBIL puluh/KBIL empat/KBIL jam/KN berdecit/KK bising/ADJ ./. Tapi/KH Jusoh/KNK masih/KB boleh/KB diajak/KK kira/KN bicara/KN ./. Masih/KB boleh/KB dibawa/KK berunding/KK ./. Tapi/KH masih/KB juga/NON mengikut/KK telunjuk/KN isteri/KN ./. Masih/KB dikontrol/KK oleh/KSN Besah/KNK ./. Langsung/ADV Jusoh/KNK tidak/KNF berani/ADJ membantah/KK ./. Tidak/KNF tahu/KK memprotes/KK ./. \"/NON Kami/KGN datang/KK ni/KGT ada/NON hajat/KN ,/, Abang/KN Long,\"/NON_NK Besah/KNK memulakan/KK bicara/KN sebaik/ADJ saja/NON bersimpuh/KK di/KSN ruang/KN tamu/KN yang/KH tidak/KNF seluas/ADJ mana/KT ./. Seman/KNK pada/KSN mulanya/KN terlalu/KB gembira/ADJ menyambut/KK kedatangan/KN Besah/KNK dan/KH Jusoh/KNK ./. Maklumlah/NON mereka/KGN sudah/KB terlalu/KB lama/ADJ tidak/KNF bertemu/KK ./. Bukan/KNF senang/ADJ untuk/KSN selalu/ADV bersama/KSN begini/ADV ./. Malah/ADV ,/, seingat-ingat/ADV Seman/KNK ,/, inilah/NON pertama/KBIL kali/KN mereka/KGN bertemu/KK selepas/KH kematian/KN Munah/KNK ,/, isterinya/KN yang/KH juga/NON kakak/KN kepada/KSN Besah/KNK ./. Setelah/KH tujuh/KBIL tahun/KN lebih/KB kurang/KB isterinya/KN meninggal/KK barulah/NON kali/KN ini/KGT mereka/KGN berjumpa/KK semula/ADV ./. Semasa/KH kematian/KN Munah/KNK dulu/ADV ,/, Besah/KNK dan/KH Jusoh/KNK tidak/KNF di/KSN Singapura/KNK ./. Mereka/KGN pergi/KK makan/KK angin/KN ke/KSN Jepun/KNK ./. Walaupun/KH telegram/KN dikirim/KK ke/KSN rumah/KN mereka/KGN di/KSN Singapura/KNK ,/, namun/KH tidak/KNF ada/NON sebarang/KBIL tindakan/KN susulan/KN daripada/KSN anak/KN buah/KN mereka/KGN di/KSN sana/KGN ./.','Besah lebih mementingkan diri sendiri. Sama juga seperti Jusoh, suami Besah. Masing-masing keras kepala. Langsung tidak mahu berunding secara damai. Tidak mahu berunding, berkira bicara secara adik beradik. Cuma bezanya, Jusoh agak pendiam. Tidak becok seperti mulut Besah yang cakapnya sering tidak berlapik. Macam murai yang dicabut ekornya, dua puluh empat jam berdecit bising. Tapi Jusoh masih boleh diajak kira bicara. Masih boleh dibawa berunding. Tapi masih juga mengikut telunjuk isteri. Masih dikontrol oleh Besah. Langsung Jusoh tidak berani membantah. Tidak tahu memprotes. \" Kami datang ni ada hajat, Abang Long,\"_NK Besah memulakan bicara sebaik saja bersimpuh di ruang tamu yang tidak seluas mana. Seman pada mulanya terlalu gembira menyambut kedatangan Besah dan Jusoh. Maklumlah mereka sudah terlalu lama tidak bertemu. Bukan senang untuk selalu bersama begini. Malah, seingat-ingat Seman, inilah pertama kali mereka bertemu selepas kematian Munah, isterinya yang juga kakak kepada Besah. Setelah tujuh tahun lebih kurang isterinya meninggal barulah kali ini mereka berjumpa semula. Semasa kematian Munah dulu, Besah dan Jusoh tidak di Singapura. Mereka pergi makan angin ke Jepun. Walaupun telegram dikirim ke rumah mereka di Singapura, namun tidak ada sebarang tindakan susulan daripada anak buah mereka di sana.','Besah/KNK lebih/KB mementingkan/KK diri/KN sendiri/KGN ./. Sama/ADJ juga/NON seperti/KSN Jusoh/KNK ,/, suami/KN Besah/KNK ./. Masing-masing/KBIL keras/ADJ kepala/KN ./. Langsung/ADV tidak/KNF mahu/KK berunding/KK secara/KN damai/ADJ ./. Tidak/KNF mahu/KK berunding/KK ,/, berkira/KK bicara/KN secara/KN adik/KN beradik/KK ./. Cuma/ADV bezanya/KN ,/,+$ Jusoh/KNK agak/KB pendiam/ADJ ./. Tidak/KNF becok/ADJ seperti/KSN mulut/KN Besah/KNK yang/KH cakapnya/KN sering/ADV tidak/KNF berlapik/KK ./. Macam/KSN murai/KN yang/KH dicabut/KK ekornya/KN ,/,+$ dua/KBIL puluh/KBIL empat/KBIL jam/KN berdecit/KK bising/ADJ ./. Tapi/KH Jusoh/KNK masih/KB boleh/KB diajak/KK kira/KN bicara/KN ./. Masih/KB boleh/KB dibawa/KK berunding/KK ./. Tapi/KH masih/KB juga/NON mengikut/KK telunjuk/KN isteri/KN ./. Masih/KB dikontrol/KK oleh/KSN Besah/KNK ./. Langsung/ADV Jusoh/KNK tidak/KNF berani/ADJ membantah/KK ./. Tidak/KNF tahu/KK memprotes/KK ./. \"/NON Kami/KGN datang/KK ni/KGT ada/NON hajat/KN ,/, Abang/KN Long,\"/NON_NK Besah/KNK memulakan/KK bicara/KN sebaik/ADJ saja/NON bersimpuh/KK di/KSN ruang/KN tamu/KN yang/KH tidak/KNF seluas/ADJ mana/KT ./. Seman/KNK pada/KSN mulanya/KN terlalu/KB gembira/ADJ menyambut/KK kedatangan/KN Besah/KNK dan/KH Jusoh/KNK ./. Maklumlah/NON mereka/KGN sudah/KB terlalu/KB lama/ADJ tidak/KNF bertemu/KK ./. Bukan/KNF senang/ADJ untuk/KSN selalu/ADV bersama/KSN begini/ADV ./. Malah/ADV ,/, seingat-ingat/ADV Seman/KNK ,/, inilah/NON pertama/KBIL kali/KN mereka/KGN bertemu/KK selepas/KH kematian/KN Munah/KNK ,/, isterinya/KN yang/KH juga/NON kakak/KN kepada/KSN Besah/KNK ./. Setelah/KH tujuh/KBIL tahun/KN lebih/KB kurang/KB isterinya/KN meninggal/KK barulah/NON kali/KN ini/KGT mereka/KGN berjumpa/KK semula/ADV ./. Semasa/KH kematian/KN Munah/KNK dulu/ADV ,/, Besah/KNK dan/KH Jusoh/KNK tidak/KNF di/KSN Singapura/KNK ./. Mereka/KGN pergi/KK makan/KK angin/KN ke/KSN Jepun/KNK ./. Walaupun/KH telegram/KN dikirim/KK ke/KSN rumah/KN mereka/KGN di/KSN Singapura/KNK ,/, namun/KH tidak/KNF ada/NON sebarang/KBIL tindakan/KN susulan/KN daripada/KSN anak/KN buah/KN mereka/KGN di/KSN sana/KGN ./.','KBM','2015-02-17 15:23:43','2015-02-17 15:23:43'),(7,'Besah lebih mementingkan diri sendiri. Sama juga seperti Jusoh, suami Besah. Masing-masing keras kepala. Langsung tidak mahu berunding secara damai. Tidak mahu berunding, berkira bicara secara adik beradik. Cuma bezanya, Jusoh agak pendiam. Tidak becok seperti mulut Besah yang cakapnya sering tidak berlapik. Macam murai yang dicabut ekornya, dua puluh empat jam berdecit bising. Tapi Jusoh masih boleh diajak kira bicara. Masih boleh dibawa berunding. Tapi masih juga mengikut telunjuk isteri. Masih dikontrol oleh Besah. Langsung Jusoh tidak berani membantah. Tidak tahu memprotes. \" Kami datang ni ada hajat, Abang Long,\" Besah memulakan bicara sebaik saja bersimpuh di ruang tamu yang tidak seluas mana. Seman pada mulanya terlalu gembira menyambut kedatangan Besah dan Jusoh. Maklumlah mereka sudah terlalu lama tidak bertemu. Bukan senang untuk selalu bersama begini. Malah, seingat-ingat Seman, inilah pertama kali mereka bertemu selepas kematian Munah, isterinya yang juga kakak kepada Besah. Setelah tujuh tahun lebih kurang isterinya meninggal barulah kali ini mereka berjumpa semula. Semasa kematian Munah dulu, Besah dan Jusoh tidak di Singapura. Mereka pergi makan angin ke Jepun. Walaupun telegram dikirim ke rumah mereka di Singapura, namun tidak ada sebarang tindakan susulan daripada anak buah mereka di sana.','Besah lebih mementingkan diri sendiri. Sama juga seperti Jusoh, suami Besah. Masing-masing keras kepala. Langsung tidak mahu berunding secara damai. Tidak mahu berunding, berkira bicara secara adik beradik. Cuma bezanya, Jusoh agak pendiam. Tidak becok seperti mulut Besah yang cakapnya sering tidak berlapik. Macam murai yang dicabut ekornya, dua puluh empat jam berdecit bising. Tapi Jusoh masih boleh diajak kira bicara. Masih boleh dibawa berunding. Tapi masih juga mengikut telunjuk isteri. Masih dikontrol oleh Besah. Langsung Jusoh tidak berani membantah. Tidak tahu memprotes. \" Kami datang ni ada hajat, Abang Long,\" Besah memulakan bicara sebaik saja bersimpuh di ruang tamu yang tidak seluas mana. Seman pada mulanya terlalu gembira menyambut kedatangan Besah dan Jusoh. Maklumlah mereka sudah terlalu lama tidak bertemu. Bukan senang untuk selalu bersama begini. Malah, seingat-ingat Seman, inilah pertama kali mereka bertemu selepas kematian Munah, isterinya yang juga kakak kepada Besah. Setelah tujuh tahun lebih kurang isterinya meninggal barulah kali ini mereka berjumpa semula. Semasa kematian Munah dulu, Besah dan Jusoh tidak di Singapura. Mereka pergi makan angin ke Jepun. Walaupun telegram dikirim ke rumah mereka di Singapura, namun tidak ada sebarang tindakan susulan daripada anak buah mereka di sana.','Besah/KNK lebih/KB mementingkan/KK di/KSNri/KN sendi/KSNri/KN. Sama/ADJ juga/NON seperti/KSN Jusoh/KNK, suami/KN Besah/KNK. Masing-masing/KBIL ke/KSNras/ADJ ke/KSNpala/KN. Langsung/ADV tidak/KNF mahu/KK berundi/KSNng/KK secara/KN damai/ADJ. Tidak/KNF mahu/KK berundi/KSNng/KK, berkira/KK/KN bicara/KN secara/KN adi/KSNk/KN beradi/KSNk/KK/KN. Cuma/ADV bezanya/KN, Jusoh/KNK agak/KB pendi/KSNam/ADJ. Tidak/KNF becok/ADJ seperti/KSN mulut/KN Besah/KNK yang/KH cakapnya/KN sering/ADV tidak/KNF berlapik/KK. Macam/KSN murai/KN yang/KH di/KSNcabut/KK ekornya/KN, dua/KBIL puluh/KBIL empat/KBIL jam/KN berdecit/KK bising/ADJ. Tapi/KH Jusoh/KNK masih/KB boleh/KB/KSN di/KSNajak/KK kira/KN bicara/KN. Masih/KB boleh/KB/KSN di/KSNbawa/KK berundi/KSNng/KK. Tapi/KH masih/KB juga/NON mengikut/KK telunjuk/KN isteri/KN. Masih/KB di/KSNkontrol/KK oleh/KSN Besah/KNK. Langsung/ADV Jusoh/KNK tidak/KNF berani/KGT/ADJ membantah/KK. Tidak/KNF tahu/KK memprotes/KK. \"/NON Kami/KGN datang/KK ni/KGT ada/NON hajat/KN, Abang/KN Long,\"/NON Besah/KNK memulakan/KK bicara/KN sebaik/ADJ saja/NON bersimpuh/KK di/KSN ruang/KN tamu/KN yang/KH tidak/KNF seluas/ADJ mana/KT. Seman/KNK pada/NON/KSN mulanya/KN terlalu/KB gembira/ADJ menyambut/KK ke/KSNdatang/KKan/KN Besah/KNK dan/KH Jusoh/KNK. Maklumlah/NON mereka/KGN sudah/KB terlalu/KB lama/ADJ tidak/KNF bertemu/KK. Bukan/KNF senang/ADJ untuk/KSN selalu/ADV bersama/KSN begini/KGT/KGT/ADV. Malah/ADV, seingat-ingat/ADV Seman/KNK, ini/KGT/KGTlah/NON pertama/KBIL kali/KN mereka/KGN bertemu/KK selepas/KH ke/KSNmatian/KN Munah/KNK, isteri/KNnya yang/KH juga/NON kakak/KN ke/KSNpada/NON/KSN/KSN Besah/KNK. Setelah/KH tujuh/KBIL tahu/KKn/KN lebih/KB kurang/KB isteri/KNnya meni/KGTnggal/KK barulah/NON kali/KN ini/KGT/KGT mereka/KGN berjumpa/KK semula/ADV. Semasa/KH ke/KSNmatian/KN Munah/KNK dulu/ADV, Besah/KNK dan/KH Jusoh/KNK tidak/KNF di/KSN Singapura/KNK. Mereka/KGN pergi/KK makan/KK angin/KN ke/KSN Jepun/KNK. Walaupun/KH telegram/KN di/KSNkirim/KK ke/KSN rumah/KN mereka/KGN di/KSN Singapura/KNK, namun/KH tidak/KNF ada/NON sebarang/KBIL tindakan/KN susulan/KN daripada/NON/KSN/KSN anak/KN buah/KN mereka/KGN di/KSN sana/KGN.','UNT','2015-02-17 16:45:57','2015-02-17 16:45:57');

/*Table structure for table `korpus_lexicon_originals` */

DROP TABLE IF EXISTS `korpus_lexicon_originals`;

CREATE TABLE `korpus_lexicon_originals` (
  `id` int(11) unsigned NOT NULL AUTO_INCREMENT,
  `lexicon_id` int(11) unsigned NOT NULL,
  `name` varchar(255) DEFAULT NULL,
  `tag` varchar(255) DEFAULT NULL,
  `created` datetime DEFAULT NULL,
  `modified` datetime DEFAULT NULL,
  PRIMARY KEY (`id`,`lexicon_id`),
  KEY `fk_korpus_lexicon_originals_korpus_lexicons1_idx` (`lexicon_id`),
  CONSTRAINT `fk_korpus_lexicon_originals_korpus_lexicons1` FOREIGN KEY (`lexicon_id`) REFERENCES `korpus_lexicons` (`id`) ON DELETE NO ACTION ON UPDATE NO ACTION
) ENGINE=InnoDB AUTO_INCREMENT=69 DEFAULT CHARSET=latin1;

/*Data for the table `korpus_lexicon_originals` */

insert  into `korpus_lexicon_originals`(`id`,`lexicon_id`,`name`,`tag`,`created`,`modified`) values (1,11,'Kata Bilangan Kuantiti','BK','2014-12-29 11:32:24','2014-12-29 11:32:24'),(2,11,'Nombor: Group of n kumpulan','#G','2014-12-29 11:32:24','2014-12-29 11:32:24'),(3,11,'Nombor: Kardinal','#K','2014-12-29 11:32:24','2014-12-29 11:32:24'),(4,11,'Nombor: MeN- prefix','#M','2014-12-29 11:32:24','2014-12-29 11:32:24'),(5,11,'Nombor: ordinal','#O','2014-12-29 11:32:24','2014-12-29 11:32:24'),(6,11,'Nombor: Pecahan','#P','2014-12-29 11:32:24','2014-12-29 11:32:24'),(7,11,'Nombor: Rumi','#R','2014-12-29 11:32:24','2014-12-29 11:32:24'),(8,8,'Huruf: letter of alphabet','%H','2014-12-29 11:32:24','2014-12-29 11:32:24'),(9,8,'Adverba: Am otherwise unspecified','AA','2014-12-29 11:32:24','2014-12-29 11:32:24'),(10,8,'Adverba: Cara manner','AC','2014-12-29 11:32:24','2014-12-29 11:32:24'),(11,8,'Adverba Frekuensi','AF','2014-12-29 11:32:24','2014-12-29 11:32:24'),(12,8,'Adverba: Intensiti','AI','2014-12-29 11:32:24','2014-12-29 11:32:24'),(13,8,'Adverba: Lokatif','AL','2014-12-29 11:32:24','2014-12-29 11:32:24'),(14,8,'Adverba: Penjelasan i.e','AP','2014-12-29 11:32:24','2014-12-29 11:32:24'),(15,8,'Adverba Tahap (nearly approaching limit)','AT','2014-12-29 11:32:24','2014-12-29 11:32:24'),(16,8,'Adverba: Waktu time','AW','2014-12-29 11:32:24','2014-12-29 11:32:24'),(17,35,'Deiktik: Am otherwise unspecified (kata ganti nama tunjuk)','DA','2014-12-29 11:32:24','2014-12-29 11:32:24'),(18,34,'Ganti nama Diri/ Pronoun: Personal','GD','2014-12-29 11:32:24','2014-12-29 11:32:24'),(19,34,'Ganti nama Indefinit: Pronoun: indefinite','GI','2014-12-29 11:32:24','2014-12-29 11:32:24'),(20,34,'Ganti nama Kendiri: Pronoun reflexive','GK','2014-12-29 11:32:24','2014-12-29 11:32:24'),(21,34,'Ganti nama Lokatif: locative pronoun','GL','2014-12-29 11:32:24','2014-12-29 11:32:24'),(22,7,'Kata pengHubung: Bawahan subordinating','HB','2014-12-29 11:32:24','2014-12-29 11:32:24'),(23,7,'Kata pengHubung: coordinating','HC','2014-12-29 11:32:24','2014-12-29 11:32:24'),(24,7,'Kata Penghubung: relative','HR','2014-12-29 11:32:24','2014-12-29 11:32:24'),(25,7,'Kata Penghubung: setara coordinating','HS','2014-12-29 11:32:24','2014-12-29 11:32:24'),(26,4,'Kata sendi: words like In. Am otherwise unspecified','IA','2014-12-29 11:32:24','2014-12-29 11:32:24'),(27,4,'Kata sendi Lokatif','IL','2014-12-29 11:32:24','2014-12-29 11:32:24'),(28,2,'Kata kerja kepunyaan: verbs equivalent to Ada + complement having something','KA','2014-12-29 11:32:24','2014-12-29 11:32:24'),(29,2,'Kata Kerja Kognisi','KC','2014-12-29 11:32:24','2014-12-29 11:32:24'),(30,2,'Kata Kerja: Eksistential','KE','2014-12-29 11:32:24','2014-12-29 11:32:24'),(31,2,'Kata Kerja diikuti oleh pelengkap (H is arbitrary!)','KH','2014-12-29 11:32:24','2014-12-29 11:32:24'),(32,2,'Kata Kerja Intransitif','KI','2014-12-29 11:32:24','2014-12-29 11:32:24'),(33,2,'Kata Kerja: followed by VP as object sometimes NP','KK','2014-12-29 11:32:24','2014-12-29 11:32:24'),(34,2,'Kata lerja: Pasif','KP','2014-12-29 11:32:24','2014-12-29 11:32:24'),(35,2,'Kata Kerja Statif OR sifat putus/hasil','KS','2014-12-29 11:32:24','2014-12-29 11:32:24'),(36,2,'Kata Kerja Transitif','KT','2014-12-29 11:32:24','2014-12-29 11:32:24'),(37,2,'Kata Kerja tak personal','KX','2014-12-29 11:32:24','2014-12-29 11:32:24'),(38,1,'Kata Nama Am otherwise unspecified','NA','2014-12-29 11:32:24','2014-12-29 11:32:24'),(39,1,'Nama Bulan','NB','2014-12-29 11:32:24','2014-12-29 11:32:24'),(40,1,'Kata Nama: Gelaran title','NG','2014-12-29 11:32:24','2014-12-29 11:32:24'),(41,1,'Nama Hari','NH','2014-12-29 11:32:24','2014-12-29 11:32:24'),(42,33,'Kata nama Khas proper noun','NK','2014-12-29 11:32:24','2014-12-29 11:32:24'),(43,1,'Kata nama Lokatif','NL','2014-12-29 11:32:24','2014-12-29 11:32:24'),(44,1,'Kata nama Penjodoh bilangan classifier','NP','2014-12-29 11:32:24','2014-12-29 11:32:24'),(45,1,'Kata nama: Sukatan measure (half cup spoonful','NS','2014-12-29 11:32:24','2014-12-29 11:32:24'),(46,1,'Kata Nama Waktu','NW','2014-12-29 11:32:24','2014-12-29 11:32:24'),(47,5,'Penanda Aspek (kata bantu aspek)','PA','2014-12-29 11:32:24','2014-12-29 11:32:24'),(48,5,'Penanda Intensiti (kata penguat)','PI','2014-12-29 11:32:24','2014-12-29 11:32:24'),(49,5,'Penanda Modalitas (kata bantu ragam)','PM','2014-12-29 11:32:24','2014-12-29 11:32:24'),(50,5,'Penanda Waktu','PW','2014-12-29 11:32:24','2014-12-29 11:32:24'),(51,3,'Kata Sifat Am otherwise unspecified','SA','2014-12-29 11:32:24','2014-12-29 11:32:24'),(52,3,'Kata Sifat Ganda reduplicated','SG','2014-12-29 11:32:24','2014-12-29 11:32:24'),(53,3,'Kata Sifat Khas (e.g. Melayu)','SK','2014-12-29 11:32:24','2014-12-29 11:32:24'),(54,3,'Kata Sifat Paling / superlatif','SP','2014-12-29 11:32:24','2014-12-29 11:32:24'),(55,3,'Kata Sifat Setara / Sejajar as adj as ','SS','2014-12-29 11:32:24','2014-12-29 11:32:24'),(56,10,'Tanya: answer is an adverbial phrase','TA','2014-12-29 11:32:24','2014-12-29 11:32:24'),(57,10,'Tanya: answer is a quantifier','TB','2014-12-29 11:32:24','2014-12-29 11:32:24'),(58,10,'Kata Tanya Lokatif','TL','2014-12-29 11:32:24','2014-12-29 11:32:24'),(59,10,'Tanya: corresponds to a noun phrase','TN','2014-12-29 11:32:24','2014-12-29 11:32:24'),(60,15,'Wacana: Islamic expressions at discourse level e.g. bismillah','WI','2014-12-29 11:32:24','2014-12-29 11:32:24'),(61,15,'Wacana: Penanda','WP','2014-12-29 11:32:24','2014-12-29 11:32:24'),(62,15,'Wacana: kata Seru exclamation','WS','2014-12-29 11:32:24','2014-12-29 11:32:24'),(63,18,'negative particle: Am','XA','2014-12-29 11:32:24','2014-12-29 11:32:24'),(64,18,'negative particle: nominal','XN','2014-12-29 11:32:24','2014-12-29 11:32:24'),(65,38,'Noktah','.','2015-02-16 22:48:14','2015-02-16 22:48:14'),(66,39,'Koma',',','2015-02-16 22:48:15','2015-02-16 22:48:15'),(67,40,'Tanda Seru','!','2015-02-16 22:48:12','2015-02-16 22:48:12'),(68,41,'Tanda Soal','?','2015-02-16 22:48:11','2015-02-16 22:48:11');

/*Table structure for table `korpus_lexicons` */

DROP TABLE IF EXISTS `korpus_lexicons`;

CREATE TABLE `korpus_lexicons` (
  `id` int(11) unsigned NOT NULL AUTO_INCREMENT COMMENT 'Golongan Kata',
  `name` varchar(255) DEFAULT NULL,
  `tag` varchar(255) DEFAULT NULL,
  `created` datetime DEFAULT NULL,
  `modified` datetime DEFAULT NULL,
  PRIMARY KEY (`id`)
) ENGINE=InnoDB AUTO_INCREMENT=42 DEFAULT CHARSET=latin1;

/*Data for the table `korpus_lexicons` */

insert  into `korpus_lexicons`(`id`,`name`,`tag`,`created`,`modified`) values (1,'Kata Nama','KN','2014-12-29 11:13:23','2014-12-29 11:13:23'),(2,'Kata Kerja','KK','2014-12-29 11:13:23','2014-12-29 11:13:23'),(3,'Kata Adjektif','ADJ','2014-12-29 11:13:23','2014-12-29 11:13:23'),(4,'Kata Sendi Nama','KSN','2014-12-29 11:13:23','2014-12-29 11:13:23'),(5,'Kata Bantu','KB','2014-12-29 11:13:23','2014-12-29 11:13:23'),(6,'Kata Ganti Nama','KG','2014-12-29 11:13:23','2014-12-29 11:13:23'),(7,'Kata Hubung','KH','2014-12-29 11:13:23','2014-12-29 11:13:23'),(8,'Kata Adverba','ADV','2014-12-29 11:13:23','2014-12-29 11:13:23'),(9,'Kata Seru','SR','2014-12-29 11:13:23','2014-12-29 11:13:23'),(10,'Kata Tanya','KT','2014-12-29 11:13:23','2014-12-29 11:13:23'),(11,'Kata Bilangan','KBIL','2014-12-29 11:13:23','2014-12-29 11:13:23'),(12,'Kata Pemeri','KPM','2014-12-29 11:13:23','2014-12-29 11:13:23'),(13,'Kata Perintah','KP','2014-12-29 11:13:23','2014-12-29 11:13:23'),(14,'Kata Arah','KAR','2014-12-29 11:13:23','2014-12-29 11:13:23'),(15,'Penanda Wacana','PW','2014-12-29 11:13:23','2014-12-29 11:13:23'),(16,'Awalan','AWL','2014-12-29 11:13:23','2014-12-29 11:13:23'),(17,'Ringkasan','KEP','2014-12-29 11:13:23','2014-12-29 11:13:23'),(18,'Kata Nafi','KNF','2014-12-29 11:13:23','2014-12-29 11:13:23'),(32,'Tiada','NON','2014-12-30 03:17:09','2014-12-30 03:17:09'),(33,'Kata Nama Khas','KNK','2015-01-28 15:12:29','2015-01-28 15:12:29'),(34,'Kata Ganti Nama Diri','KGN','2015-01-28 15:12:51','2015-01-28 15:12:51'),(35,'Kata Ganti Nama Tunjuk','KGT','2015-01-28 15:13:11','2015-01-28 15:13:11'),(36,'Bahasa Asing','BA','2015-01-28 15:14:23','2015-01-28 15:14:28'),(37,'Akronim','AKR','2015-01-28 15:16:33','2015-01-28 15:16:33'),(38,'Noktah','.','2015-02-16 22:48:21','2015-02-16 22:48:26'),(39,'Koma',',','2015-02-16 22:48:21','2015-02-16 22:48:25'),(40,'Tanda Seru','!','2015-02-16 22:48:22','2015-02-16 22:48:24'),(41,'Tanda Soal','?','2015-02-16 22:48:24','2015-02-16 22:48:24');

/*Table structure for table `korpus_lexicons_word_units` */

DROP TABLE IF EXISTS `korpus_lexicons_word_units`;

CREATE TABLE `korpus_lexicons_word_units` (
  `id` int(11) unsigned NOT NULL AUTO_INCREMENT,
  `lexicon_id` int(11) unsigned NOT NULL,
  `word_unit_id` int(11) unsigned NOT NULL,
  `status` tinyint(1) DEFAULT '1',
  PRIMARY KEY (`id`,`lexicon_id`,`word_unit_id`),
  KEY `fk_korpus_bigrams_korpus_lexicons1_idx` (`lexicon_id`),
  KEY `fk_korpus_bigrams_korpus_lexicons2_idx` (`word_unit_id`),
  CONSTRAINT `fk_korpus_bigrams_korpus_lexicons1` FOREIGN KEY (`lexicon_id`) REFERENCES `korpus_lexicons` (`id`) ON DELETE NO ACTION ON UPDATE NO ACTION,
  CONSTRAINT `fk_korpus_bigrams_korpus_lexicons2` FOREIGN KEY (`word_unit_id`) REFERENCES `korpus_lexicons` (`id`) ON DELETE NO ACTION ON UPDATE NO ACTION
) ENGINE=InnoDB AUTO_INCREMENT=325 DEFAULT CHARSET=latin1;

/*Data for the table `korpus_lexicons_word_units` */

insert  into `korpus_lexicons_word_units`(`id`,`lexicon_id`,`word_unit_id`,`status`) values (1,1,1,1),(2,1,2,1),(3,1,3,1),(4,1,4,0),(5,1,5,0),(6,1,6,0),(7,1,7,0),(8,1,8,0),(9,1,9,0),(10,1,10,0),(11,1,11,0),(12,1,12,0),(13,1,13,0),(14,1,14,0),(15,1,15,0),(16,1,16,0),(17,1,17,0),(18,1,18,0),(19,2,1,1),(20,2,2,1),(21,2,3,1),(22,2,4,0),(23,2,5,0),(24,2,6,0),(25,2,7,0),(26,2,8,0),(27,2,9,0),(28,2,10,0),(29,2,11,0),(30,2,12,0),(31,2,13,0),(32,2,14,0),(33,2,15,0),(34,2,16,0),(35,2,17,0),(36,2,18,0),(37,3,1,1),(38,3,2,1),(39,3,3,1),(40,3,4,0),(41,3,5,0),(42,3,6,0),(43,3,7,0),(44,3,8,0),(45,3,9,0),(46,3,10,0),(47,3,11,0),(48,3,12,0),(49,3,13,0),(50,3,14,0),(51,3,15,0),(52,3,16,0),(53,3,17,0),(54,3,18,0),(55,4,1,0),(56,4,2,0),(57,4,3,0),(58,4,4,0),(59,4,5,0),(60,4,6,0),(61,4,7,0),(62,4,8,0),(63,4,9,0),(64,4,10,0),(65,4,11,0),(66,4,12,0),(67,4,13,0),(68,4,14,0),(69,4,15,0),(70,4,16,0),(71,4,17,0),(72,4,18,0),(73,5,1,0),(74,5,2,0),(75,5,3,0),(76,5,4,0),(77,5,5,0),(78,5,6,0),(79,5,7,0),(80,5,8,0),(81,5,9,0),(82,5,10,0),(83,5,11,0),(84,5,12,0),(85,5,13,0),(86,5,14,0),(87,5,15,0),(88,5,16,0),(89,5,17,0),(90,5,18,0),(91,6,1,0),(92,6,2,0),(93,6,3,0),(94,6,4,0),(95,6,5,0),(96,6,6,0),(97,6,7,0),(98,6,8,0),(99,6,9,0),(100,6,10,0),(101,6,11,0),(102,6,12,0),(103,6,13,0),(104,6,14,0),(105,6,15,0),(106,6,16,0),(107,6,17,0),(108,6,18,0),(109,7,1,0),(110,7,2,0),(111,7,3,0),(112,7,4,0),(113,7,5,0),(114,7,6,0),(115,7,7,0),(116,7,8,0),(117,7,9,0),(118,7,10,0),(119,7,11,0),(120,7,12,0),(121,7,13,0),(122,7,14,0),(123,7,15,0),(124,7,16,0),(125,7,17,0),(126,7,18,0),(127,8,1,0),(128,8,2,0),(129,8,3,0),(130,8,4,0),(131,8,5,0),(132,8,6,0),(133,8,7,0),(134,8,8,0),(135,8,9,0),(136,8,10,0),(137,8,11,0),(138,8,12,0),(139,8,13,0),(140,8,14,0),(141,8,15,0),(142,8,16,0),(143,8,17,0),(144,8,18,0),(145,9,1,0),(146,9,2,0),(147,9,3,0),(148,9,4,0),(149,9,5,0),(150,9,6,0),(151,9,7,0),(152,9,8,0),(153,9,9,0),(154,9,10,0),(155,9,11,0),(156,9,12,0),(157,9,13,0),(158,9,14,0),(159,9,15,0),(160,9,16,0),(161,9,17,0),(162,9,18,0),(163,10,1,0),(164,10,2,0),(165,10,3,0),(166,10,4,0),(167,10,5,0),(168,10,6,0),(169,10,7,0),(170,10,8,0),(171,10,9,0),(172,10,10,0),(173,10,11,0),(174,10,12,0),(175,10,13,0),(176,10,14,0),(177,10,15,0),(178,10,16,0),(179,10,17,0),(180,10,18,0),(181,11,1,0),(182,11,2,0),(183,11,3,0),(184,11,4,0),(185,11,5,0),(186,11,6,0),(187,11,7,0),(188,11,8,0),(189,11,9,0),(190,11,10,0),(191,11,11,0),(192,11,12,0),(193,11,13,0),(194,11,14,0),(195,11,15,0),(196,11,16,0),(197,11,17,0),(198,11,18,0),(199,12,1,0),(200,12,2,0),(201,12,3,0),(202,12,4,0),(203,12,5,0),(204,12,6,0),(205,12,7,0),(206,12,8,0),(207,12,9,0),(208,12,10,0),(209,12,11,0),(210,12,12,0),(211,12,13,0),(212,12,14,0),(213,12,15,0),(214,12,16,0),(215,12,17,0),(216,12,18,0),(217,13,1,0),(218,13,2,0),(219,13,3,0),(220,13,4,0),(221,13,5,0),(222,13,6,0),(223,13,7,0),(224,13,8,0),(225,13,9,0),(226,13,10,0),(227,13,11,0),(228,13,12,0),(229,13,13,0),(230,13,14,0),(231,13,15,0),(232,13,16,0),(233,13,17,0),(234,13,18,0),(235,14,1,0),(236,14,2,0),(237,14,3,0),(238,14,4,0),(239,14,5,0),(240,14,6,0),(241,14,7,0),(242,14,8,0),(243,14,9,0),(244,14,10,0),(245,14,11,0),(246,14,12,0),(247,14,13,0),(248,14,14,0),(249,14,15,0),(250,14,16,0),(251,14,17,0),(252,14,18,0),(253,15,1,0),(254,15,2,0),(255,15,3,0),(256,15,4,0),(257,15,5,0),(258,15,6,0),(259,15,7,0),(260,15,8,0),(261,15,9,0),(262,15,10,0),(263,15,11,0),(264,15,12,0),(265,15,13,0),(266,15,14,0),(267,15,15,0),(268,15,16,0),(269,15,17,0),(270,15,18,0),(271,16,1,0),(272,16,2,0),(273,16,3,0),(274,16,4,0),(275,16,5,0),(276,16,6,0),(277,16,7,0),(278,16,8,0),(279,16,9,0),(280,16,10,0),(281,16,11,0),(282,16,12,0),(283,16,13,0),(284,16,14,0),(285,16,15,0),(286,16,16,0),(287,16,17,0),(288,16,18,0),(289,17,1,0),(290,17,2,0),(291,17,3,0),(292,17,4,0),(293,17,5,0),(294,17,6,0),(295,17,7,0),(296,17,8,0),(297,17,9,0),(298,17,10,0),(299,17,11,0),(300,17,12,0),(301,17,13,0),(302,17,14,0),(303,17,15,0),(304,17,16,0),(305,17,17,0),(306,17,18,0),(307,18,1,0),(308,18,2,0),(309,18,3,0),(310,18,4,0),(311,18,5,0),(312,18,6,0),(313,18,7,0),(314,18,8,0),(315,18,9,0),(316,18,10,0),(317,18,11,0),(318,18,12,0),(319,18,13,0),(320,18,14,0),(321,18,15,0),(322,18,16,0),(323,18,17,0),(324,18,18,0);

/*Table structure for table `korpus_paragraphs` */

DROP TABLE IF EXISTS `korpus_paragraphs`;

CREATE TABLE `korpus_paragraphs` (
  `id` int(11) unsigned NOT NULL AUTO_INCREMENT,
  `input_id` int(11) unsigned NOT NULL,
  `value` text,
  `created` datetime DEFAULT NULL,
  `modified` datetime DEFAULT NULL,
  PRIMARY KEY (`id`,`input_id`),
  KEY `fk_korpus_paragraphs_korpus_inputs1_idx` (`input_id`)
) ENGINE=InnoDB AUTO_INCREMENT=20 DEFAULT CHARSET=latin1;

/*Data for the table `korpus_paragraphs` */

insert  into `korpus_paragraphs`(`id`,`input_id`,`value`,`created`,`modified`) values (6,5,'Bukan_XN sahaja_LA cantik_SA ,_, tapi_HS juga_LA pintar_SA ._. Anisah_NK gadis_NA yang_HR bijak_SA ,_, pelajar_NA yang_HR cerdas_SA dalam_NL pelajaran_NA ._. Kalau_HB kurang_PI pun_LAmu ,_,ngkin_PM kerana_HB Anisah_NK tempang_SA ._. Jalan_NA Anisah_NK terhenjot-henjot_KS ,_, malah_AA terpaksa_KS dibantu_KP oleh_IA kayu_NA tupang_NA ._. Itulah_DA+E kekurangan_NA Anisah_NK !_! Seman_NK mengeluh_KI kecil_SA ._. Malam_NW semakin_AI larut_KT ._. Wajah_NA bulan_NA pun_LA semakin_AI berengsot_KI dan_HS pudar_SA ._. Bintang-bintang_NA mengerdip_KT samar_SA ._. Cuma_AA gelora_NA ombak_NA yang_HR masih_PA keras_SA membadai_KI ._. Seperti_IA gelora_NA resah_SA di_IL dada_NA Seman_NK ,_, beralun-alun_KA ,_, bergulung-gulung_KI !_! Perlahan_SA Seman_NK bangkit_KI dan_HS mengatup_KT daun_NA pintu_NA yang_HR berlorekkan_KT bunga_NA raya_SA ._. Dengan_IA malas_SA Seman_NK merebahkan_KT badannya_NA+$ di_IL atas_NL tilam_NA yang_HR sudah_PA carik_KT ,_, terjongkol_KS kekabu_NA yang_HR sudah_PA hilang_KT warna_NA keputihannya_NA ._.+$ Seman_NK terlena_KS akhirnya_SA+$ dalam_NL getaran_NA ombak_NA di_IL dada_NA !_! Matahari_NA sudah_PA meninggi_KI hampir_AT segalah_NP ._. Tompokan_NA awan_NA putih_SA berarak_KI gagah_SA di_IL dada_NA awan_NA ._. Tidak_XA ada_KW tanda-tanda_NA hujan_NA akan_PA mencurah_KT ._. Persekitaran_NA kampung_NA Pulau_NA Besar_SA dalam_NL jajahan_NA Tumpat_NK ,_, terang_SA benderang_SA ._. Seman_NK mengucap_KT syukur_NA ,_, lega_SA ._. Ini_DA bermakna_KA dapatlah_KI+E dia_GD ke_IL laut_NA malam_NW nanti_AW ._. Sekurang-kurangnya_AI dia_GD dapat_PM menambahkan_KT rezekinya_NA+$ pada_IA minggu_NW ini_DA ._. Bakul-bakul_NA dan_HS topi-topi_NA yang_HR dianyamkan_KP sepanjang_SS minggu_NW lalu_KI sudah_PA siap_KT semuanya_BK+$ dan_HS dia_GD cuma_AA perlu_PM menunggu_KT orang-orang_NA dari_IL pusat_NA kraftangan_NA datang_KI mengambilnya_KT+$ untuk_IA dibawa_KP dan_HS dipasarkan_KP di_IL bandar_NA Kota_NA Bharu_SA atau_HS sebagainya_NA ._.+$ Sekarang_AW musim_NA Tahun_NW Melawat_KT Malaysia_NK ,_, kata_KT pegawai-pegawai_NA dari_IL pusat_NA kraftangan_NA ._. ','2015-02-17 14:54:13','2015-02-17 14:54:13'),(7,1,'Besah_NK lebih_PI mementingkan_KT diri_NA sendiri_GK ._. Sama_SA juga_LA seperti_IA Jusoh_NK ,_, suami_NA Besah_NK ._. Masing-masing_BK keras_SA kepala_NA ._. Langsung_AA tidak_XA mahu_KK berunding_KI secara_NA damai_SA ._. Tidak_XA mahu_KK berunding_KI ,_,  berkira_KI bicara_NA secara_NA adik_NA beradik_KA ._. Cuma_AA bezanya_NA ,_,+$ Jusoh_NK agak_PI pendiam_SA ._. Tidak_XA becok_SA seperti_IA mulut_NA Besah_NK yang_HR cakapnya_NA+$ sering_AF tidak_XA berlapik_KI ._. Macam_IA murai_NA yang_HR dicabut_KP ekornya_NA ,_,+$ dua_#K puluh_#K empat_#K jam_NW berdecit_KA bising_SA ._. Tapi_HS Jusoh_NK masih_PA boleh_PM diajak_KP kira_NA bicara_NA ._.  Masih_PA boleh_PM dibawa_KP berunding_KI ._. Tapi_HS masih_PA juga_LA mengikut_KT telunjuk_NA isteri_NA ._. Masih_PA dikontrol_KP oleh_IA Besah_NK ._. Langsung_AA Jusoh_NK tidak_XA berani_SA membantah_KT ._. Tidak_XA tahu_KC memprotes_KI ._.  \" Kami_GD datang_KI ni_DA ada_KW hajat_NA ,_, Abang_NA Long,\"_NK Besah_NK memulakan_KT bicara_NA sebaik_SS saja_LA bersimpuh_KI di_IL ruang_NA tamu_NA yang_HR tidak_XA seluas_SS mana_TL ._. Seman_NK pada_IA mulanya_NA+$ terlalu_PI gembira_SA menyambut_KT kedatangan_NA Besah_NK dan_HS Jusoh_NK ._. Maklumlah_KX+E mereka_GD sudah_PA terlalu_PI lama_SA tidak_XA bertemu_KI ._. Bukan_XN senang_SA untuk_IA selalu_AF bersama_IA begini_AC ._. Malah_AA ,_, seingat-ingat_AA Seman_NK ,_, inilah_DA+E pertama_#O kali_NA mereka_GD bertemu_KI selepas_HB kematian_NA Munah_NK ,_, isterinya_NA+$ yang_HR juga_LA kakak_NA kepada_IL Besah_NK ._. Setelah_HB tujuh_#K tahun_NW lebih_PI kurang_PI isterinya_NA+$ meninggal_KI barulah_SA+E kali_NA ini_DA mereka_GD berjumpa_KT semula_AA ._. Semasa_HB kematian_NA Munah_NK dulu_AW ,_, Besah_NK dan_HS Jusoh_NK tidak_XA di_IL Singapura_NK ._. Mereka_GD pergi_KI makan_KT angin_NA ke_IL Jepun_NK ._. Walaupun_HB telegram_NA dikirim_KP ke_IL rumah_NA mereka_GD di_IL Singapura_NK ,_, namun_HB tidak_XA ada_KW sebarang_BK tindakan_NA susulan_NA daripada_IA anak_NA buah_NP mereka_GD di_IL sana_GL ._.','2015-02-17 15:06:31','2015-02-17 15:06:31'),(8,2,'Tapi_HS hasrat_NA dan_HS keinginan_NA Besah_NK tidak_XA boleh_PM ditahan-tahan_KP ._. Tidak_XA boleh_PM dibantah-bantah_KP !_! Begitulah_DA+E fiil_NA Besah_NK ._. Apa_TN yang_HR diinginkan_KP tidak_XA boleh_PM disekat-sekat_KP ._. Diajak_KP mereka_GD bermalam_KI di_IL pondok_NA buruknya_SA+$ pun_LA tidak_XA mahu_KK ,_, Besah_NK terutamanya_AA ._.+$ Seman_NK perasan_KC itu_DA ._.  Sejak_IA dulu-dulu_AW lagi_AA fiil_NA Besah_NK begitu_AC ._. TIdak_XA pernah_PA berubah-ubah_KI sampailah_HB+E ke_IL tua_SA ._.  Besah_NK lebih_PI senang_SA bermalam_KI di_IL hotel_NA ._. Selesa_SA ,_, katanya_KT ._.+$ Tidak_XA banyak_BK nyamuk_NA macam_IA di_IL rumah_NA Seman_NK ._. Di_IL hotel_NA tidak_XA ada_KW pijat-pijat_NA ,_,  tidak_XA ada_KW tikus_NA yang_HR merayap_KI ._. Seman_NK tidak_XA berkata_KC apa-apa_GI ._. Tapi_HS hati_NA tuanya_SA+$ tersentuh_KT juga_LA ._. Dia_GD tidak_XA mampu_KK menghalang_KT ._.  Itu_Da sudah_PA kehendak_NA Besah_NK sendiri_GK ._. Dia_GD sedar_KC keadaan_NA hidupnya_KI+$ yang_HR serba_BK daif_SA ._. Gelisah_SA Seman_NK makin_PI menjadi_KH ._. Seman_NK menarik_KT naik_KT kain_NA pelikat_NA lusuhnya_SA+$ itu_DA yang_HR beransur_AC menggelongsor_KI turun_KI ._. Deru_NA angin_NA malam_NW terasa_KH begitu_AC mencengkam_KT ._. Dingin_SA ._. Menggigil_KI Seman_NK dibuatnya_KP ._.+$ Tiba-tiba_AC wajah_NA Anisah_NK bertandang_KA lagi_AA di_IL kamar_NA ingatannya_NA ._.+$ Alangkah_ZS bahaginya_SA+$ kalau_HB Anisah_NK ada_KW di_IL sisinya_IL ._.+$ Ada_KW di_IL sampingnya_NA+$ pada_IA saat-saat_NA begini_AC ._.  Teringat_KS Seman_NK apabila_HB menjelang_KT waktu_NA tengah_NL malam_NW begini_AC ,_, kalau_HB dia_GD tidak_XA turun_KI ke_IL laut_NA ,_, Anisah_NK akan_PA menyediakan_KT kopi_NA o\'_NA panas_SA ._. Sedap_SA rasanya_KI+$ kopi_NA o\'_NA yang_HR dibancuh_KP oleh_IA Anisah_NK ,_, mengalahkan_KT kopi_NA o\'_NA Pak_NG Mak_NK yang_HR kedainya_NA+$ terletak_KS di_IL simpang_NA tiga_#K jalan_NA menghala_KT ke_IL kampungnya_NA ,_,+$ Pulau_NA Besar_SA ._. Tidak_XA cukup_PI secawan_NS ,_, dua_#K tiga_#K cawan_NA pun_LA dapat_PM dihabiskannya_KP ._.+$','2015-02-17 15:19:10','2015-02-17 15:19:10'),(18,6,'Besah/KNK lebih/KB mementingkan/KK diri/KN sendiri/KGN ./. Sama/ADJ juga/NON seperti/KSN Jusoh/KNK ,/, suami/KN Besah/KNK ./. Masing-masing/KBIL keras/ADJ kepala/KN ./. Langsung/ADV tidak/KNF mahu/KK berunding/KK secara/KN damai/ADJ ./. Tidak/KNF mahu/KK berunding/KK ,/, berkira/KK bicara/KN secara/KN adik/KN beradik/KK ./. Cuma/ADV bezanya/KN ,/,+$ Jusoh/KNK agak/KB pendiam/ADJ ./. Tidak/KNF becok/ADJ seperti/KSN mulut/KN Besah/KNK yang/KH cakapnya/KN sering/ADV tidak/KNF berlapik/KK ./. Macam/KSN murai/KN yang/KH dicabut/KK ekornya/KN ,/,+$ dua/KBIL puluh/KBIL empat/KBIL jam/KN berdecit/KK bising/ADJ ./. Tapi/KH Jusoh/KNK masih/KB boleh/KB diajak/KK kira/KN bicara/KN ./. Masih/KB boleh/KB dibawa/KK berunding/KK ./. Tapi/KH masih/KB juga/NON mengikut/KK telunjuk/KN isteri/KN ./. Masih/KB dikontrol/KK oleh/KSN Besah/KNK ./. Langsung/ADV Jusoh/KNK tidak/KNF berani/ADJ membantah/KK ./. Tidak/KNF tahu/KK memprotes/KK ./. \"/NON Kami/KGN datang/KK ni/KGT ada/NON hajat/KN ,/, Abang/KN Long,\"/NON_NK Besah/KNK memulakan/KK bicara/KN sebaik/ADJ saja/NON bersimpuh/KK di/KSN ruang/KN tamu/KN yang/KH tidak/KNF seluas/ADJ mana/KT ./. Seman/KNK pada/KSN mulanya/KN terlalu/KB gembira/ADJ menyambut/KK kedatangan/KN Besah/KNK dan/KH Jusoh/KNK ./. Maklumlah/NON mereka/KGN sudah/KB terlalu/KB lama/ADJ tidak/KNF bertemu/KK ./. Bukan/KNF senang/ADJ untuk/KSN selalu/ADV bersama/KSN begini/ADV ./. Malah/ADV ,/, seingat-ingat/ADV Seman/KNK ,/, inilah/NON pertama/KBIL kali/KN mereka/KGN bertemu/KK selepas/KH kematian/KN Munah/KNK ,/, isterinya/KN yang/KH juga/NON kakak/KN kepada/KSN Besah/KNK ./. Setelah/KH tujuh/KBIL tahun/KN lebih/KB kurang/KB isterinya/KN meninggal/KK barulah/NON kali/KN ini/KGT mereka/KGN berjumpa/KK semula/ADV ./. Semasa/KH kematian/KN Munah/KNK dulu/ADV ,/, Besah/KNK dan/KH Jusoh/KNK tidak/KNF di/KSN Singapura/KNK ./. Mereka/KGN pergi/KK makan/KK angin/KN ke/KSN Jepun/KNK ./. Walaupun/KH telegram/KN dikirim/KK ke/KSN rumah/KN mereka/KGN di/KSN Singapura/KNK ,/, namun/KH tidak/KNF ada/NON sebarang/KBIL tindakan/KN susulan/KN daripada/KSN anak/KN buah/KN mereka/KGN di/KSN sana/KGN ./.','2015-02-17 16:41:55','2015-02-17 16:41:55'),(19,7,'Besah lebih mementingkan diri sendiri. Sama juga seperti Jusoh, suami Besah. Masing-masing keras kepala. Langsung tidak mahu berunding secara damai. Tidak mahu berunding, berkira bicara secara adik beradik. Cuma bezanya, Jusoh agak pendiam. Tidak becok seperti mulut Besah yang cakapnya sering tidak berlapik. Macam murai yang dicabut ekornya, dua puluh empat jam berdecit bising. Tapi Jusoh masih boleh diajak kira bicara. Masih boleh dibawa berunding. Tapi masih juga mengikut telunjuk isteri. Masih dikontrol oleh Besah. Langsung Jusoh tidak berani membantah. Tidak tahu memprotes. \" Kami datang ni ada hajat, Abang Long,\" Besah memulakan bicara sebaik saja bersimpuh di ruang tamu yang tidak seluas mana. Seman pada mulanya terlalu gembira menyambut kedatangan Besah dan Jusoh. Maklumlah mereka sudah terlalu lama tidak bertemu. Bukan senang untuk selalu bersama begini. Malah, seingat-ingat Seman, inilah pertama kali mereka bertemu selepas kematian Munah, isterinya yang juga kakak kepada Besah. Setelah tujuh tahun lebih kurang isterinya meninggal barulah kali ini mereka berjumpa semula. Semasa kematian Munah dulu, Besah dan Jusoh tidak di Singapura. Mereka pergi makan angin ke Jepun. Walaupun telegram dikirim ke rumah mereka di Singapura, namun tidak ada sebarang tindakan susulan daripada anak buah mereka di sana.','2015-02-17 16:45:57','2015-02-17 16:45:57');

/*Table structure for table `korpus_sentences` */

DROP TABLE IF EXISTS `korpus_sentences`;

CREATE TABLE `korpus_sentences` (
  `id` int(11) unsigned NOT NULL AUTO_INCREMENT,
  `input_id` int(11) unsigned NOT NULL,
  `paragraph_id` int(11) unsigned NOT NULL,
  `value` text,
  `created` datetime DEFAULT NULL,
  `modified` datetime DEFAULT NULL,
  PRIMARY KEY (`id`,`input_id`,`paragraph_id`),
  KEY `fk_korpus_sentences_korpus_paragraphs_idx` (`paragraph_id`)
) ENGINE=InnoDB AUTO_INCREMENT=135 DEFAULT CHARSET=latin1;

/*Data for the table `korpus_sentences` */

insert  into `korpus_sentences`(`id`,`input_id`,`paragraph_id`,`value`,`created`,`modified`) values (28,5,6,'Bukan_XN sahaja_LA cantik_SA ,_, tapi_HS juga_LA pintar_SA ._.','2015-02-17 14:54:14','2015-02-17 14:54:14'),(29,5,6,'Anisah_NK gadis_NA yang_HR bijak_SA ,_, pelajar_NA yang_HR cerdas_SA dalam_NL pelajaran_NA ._.','2015-02-17 14:54:14','2015-02-17 14:54:14'),(30,5,6,'Kalau_HB kurang_PI pun_LAmu ,_,ngkin_PM kerana_HB Anisah_NK tempang_SA ._.','2015-02-17 14:54:15','2015-02-17 14:54:15'),(31,5,6,'Jalan_NA Anisah_NK terhenjot-henjot_KS ,_, malah_AA terpaksa_KS dibantu_KP oleh_IA kayu_NA tupang_NA ._.','2015-02-17 14:54:16','2015-02-17 14:54:16'),(32,5,6,'Itulah_DA+E kekurangan_NA Anisah_NK !_!','2015-02-17 14:54:16','2015-02-17 14:54:16'),(33,5,6,'Seman_NK mengeluh_KI kecil_SA ._.','2015-02-17 14:54:17','2015-02-17 14:54:17'),(34,5,6,'Malam_NW semakin_AI larut_KT ._.','2015-02-17 14:54:17','2015-02-17 14:54:17'),(35,5,6,'Wajah_NA bulan_NA pun_LA semakin_AI berengsot_KI dan_HS pudar_SA ._.','2015-02-17 14:54:18','2015-02-17 14:54:18'),(36,5,6,'Bintang-bintang_NA mengerdip_KT samar_SA ._.','2015-02-17 14:54:19','2015-02-17 14:54:19'),(37,5,6,'Cuma_AA gelora_NA ombak_NA yang_HR masih_PA keras_SA membadai_KI ._.','2015-02-17 14:54:19','2015-02-17 14:54:19'),(38,5,6,'Seperti_IA gelora_NA resah_SA di_IL dada_NA Seman_NK ,_, beralun-alun_KA ,_, bergulung-gulung_KI !_!','2015-02-17 14:54:20','2015-02-17 14:54:20'),(39,5,6,'Perlahan_SA Seman_NK bangkit_KI dan_HS mengatup_KT daun_NA pintu_NA yang_HR berlorekkan_KT bunga_NA raya_SA ._.','2015-02-17 14:54:21','2015-02-17 14:54:21'),(40,5,6,'Dengan_IA malas_SA Seman_NK merebahkan_KT badannya_NA+$ di_IL atas_NL tilam_NA yang_HR sudah_PA carik_KT ,_, terjongkol_KS kekabu_NA yang_HR sudah_PA hilang_KT warna_NA keputihannya_NA ._.+$','2015-02-17 14:54:21','2015-02-17 14:54:21'),(41,5,6,'Seman_NK terlena_KS akhirnya_SA+$ dalam_NL getaran_NA ombak_NA di_IL dada_NA !_!','2015-02-17 14:54:23','2015-02-17 14:54:23'),(42,5,6,'Matahari_NA sudah_PA meninggi_KI hampir_AT segalah_NP ._.','2015-02-17 14:54:23','2015-02-17 14:54:23'),(43,5,6,'Tompokan_NA awan_NA putih_SA berarak_KI gagah_SA di_IL dada_NA awan_NA ._.','2015-02-17 14:54:24','2015-02-17 14:54:24'),(44,5,6,'Tidak_XA ada_KW tanda-tanda_NA hujan_NA akan_PA mencurah_KT ._.','2015-02-17 14:54:25','2015-02-17 14:54:25'),(45,5,6,'Persekitaran_NA kampung_NA Pulau_NA Besar_SA dalam_NL jajahan_NA Tumpat_NK ,_, terang_SA benderang_SA ._.','2015-02-17 14:54:25','2015-02-17 14:54:25'),(46,5,6,'Seman_NK mengucap_KT syukur_NA ,_, lega_SA ._.','2015-02-17 14:54:26','2015-02-17 14:54:26'),(47,5,6,'Ini_DA bermakna_KA dapatlah_KI+E dia_GD ke_IL laut_NA malam_NW nanti_AW ._.','2015-02-17 14:54:27','2015-02-17 14:54:27'),(48,5,6,'Sekurang-kurangnya_AI dia_GD dapat_PM menambahkan_KT rezekinya_NA+$ pada_IA minggu_NW ini_DA ._.','2015-02-17 14:54:27','2015-02-17 14:54:27'),(49,5,6,'Bakul-bakul_NA dan_HS topi-topi_NA yang_HR dianyamkan_KP sepanjang_SS minggu_NW lalu_KI sudah_PA siap_KT semuanya_BK+$ dan_HS dia_GD cuma_AA perlu_PM menunggu_KT orang-orang_NA dari_IL pusat_NA kraftangan_NA datang_KI mengambilnya_KT+$ untuk_IA dibawa_KP dan_HS dipasarkan_KP di_IL bandar_NA Kota_NA Bharu_SA atau_HS sebagainya_NA ._.+$','2015-02-17 14:54:28','2015-02-17 14:54:28'),(50,5,6,'Sekarang_AW musim_NA Tahun_NW Melawat_KT Malaysia_NK ,_, kata_KT pegawai-pegawai_NA dari_IL pusat_NA kraftangan_NA ._.','2015-02-17 14:54:31','2015-02-17 14:54:31'),(51,1,7,'Besah_NK lebih_PI mementingkan_KT diri_NA sendiri_GK ._.','2015-02-17 15:06:31','2015-02-17 15:06:31'),(52,1,7,'Sama_SA juga_LA seperti_IA Jusoh_NK ,_, suami_NA Besah_NK ._.','2015-02-17 15:06:31','2015-02-17 15:06:31'),(53,1,7,'Masing-masing_BK keras_SA kepala_NA ._.','2015-02-17 15:06:31','2015-02-17 15:06:31'),(54,1,7,'Langsung_AA tidak_XA mahu_KK berunding_KI secara_NA damai_SA ._.','2015-02-17 15:06:32','2015-02-17 15:06:32'),(55,1,7,'Tidak_XA mahu_KK berunding_KI ,_,  berkira_KI bicara_NA secara_NA adik_NA beradik_KA ._.','2015-02-17 15:06:32','2015-02-17 15:06:32'),(56,1,7,'Cuma_AA bezanya_NA ,_,+$ Jusoh_NK agak_PI pendiam_SA ._.','2015-02-17 15:06:33','2015-02-17 15:06:33'),(57,1,7,'Tidak_XA becok_SA seperti_IA mulut_NA Besah_NK yang_HR cakapnya_NA+$ sering_AF tidak_XA berlapik_KI ._.','2015-02-17 15:06:34','2015-02-17 15:06:34'),(58,1,7,'Macam_IA murai_NA yang_HR dicabut_KP ekornya_NA ,_,+$ dua_#K puluh_#K empat_#K jam_NW berdecit_KA bising_SA ._.','2015-02-17 15:06:34','2015-02-17 15:06:34'),(59,1,7,'Tapi_HS Jusoh_NK masih_PA boleh_PM diajak_KP kira_NA bicara_NA ._.','2015-02-17 15:06:35','2015-02-17 15:06:35'),(60,1,7,'Masih_PA boleh_PM dibawa_KP berunding_KI ._.','2015-02-17 15:06:35','2015-02-17 15:06:35'),(61,1,7,'Tapi_HS masih_PA juga_LA mengikut_KT telunjuk_NA isteri_NA ._.','2015-02-17 15:06:36','2015-02-17 15:06:36'),(62,1,7,'Masih_PA dikontrol_KP oleh_IA Besah_NK ._.','2015-02-17 15:06:36','2015-02-17 15:06:36'),(63,1,7,'Langsung_AA Jusoh_NK tidak_XA berani_SA membantah_KT ._.','2015-02-17 15:06:37','2015-02-17 15:06:37'),(64,1,7,'Tidak_XA tahu_KC memprotes_KI ._.','2015-02-17 15:06:37','2015-02-17 15:06:37'),(65,1,7,'\" Kami_GD datang_KI ni_DA ada_KW hajat_NA ,_, Abang_NA Long,\"_NK Besah_NK memulakan_KT bicara_NA sebaik_SS saja_LA bersimpuh_KI di_IL ruang_NA tamu_NA yang_HR tidak_XA seluas_SS mana_TL ._.','2015-02-17 15:06:37','2015-02-17 15:06:37'),(66,1,7,'Seman_NK pada_IA mulanya_NA+$ terlalu_PI gembira_SA menyambut_KT kedatangan_NA Besah_NK dan_HS Jusoh_NK ._.','2015-02-17 15:06:39','2015-02-17 15:06:39'),(67,1,7,'Maklumlah_KX+E mereka_GD sudah_PA terlalu_PI lama_SA tidak_XA bertemu_KI ._.','2015-02-17 15:06:39','2015-02-17 15:06:39'),(68,1,7,'Bukan_XN senang_SA untuk_IA selalu_AF bersama_IA begini_AC ._.','2015-02-17 15:06:40','2015-02-17 15:06:40'),(69,1,7,'Malah_AA ,_, seingat-ingat_AA Seman_NK ,_, inilah_DA+E pertama_#O kali_NA mereka_GD bertemu_KI selepas_HB kematian_NA Munah_NK ,_, isterinya_NA+$ yang_HR juga_LA kakak_NA kepada_IL Besah_NK ._.','2015-02-17 15:06:40','2015-02-17 15:06:40'),(70,1,7,'Setelah_HB tujuh_#K tahun_NW lebih_PI kurang_PI isterinya_NA+$ meninggal_KI barulah_SA+E kali_NA ini_DA mereka_GD berjumpa_KT semula_AA ._.','2015-02-17 15:06:42','2015-02-17 15:06:42'),(71,1,7,'Semasa_HB kematian_NA Munah_NK dulu_AW ,_, Besah_NK dan_HS Jusoh_NK tidak_XA di_IL Singapura_NK ._.','2015-02-17 15:06:42','2015-02-17 15:06:42'),(72,1,7,'Mereka_GD pergi_KI makan_KT angin_NA ke_IL Jepun_NK ._.','2015-02-17 15:06:43','2015-02-17 15:06:43'),(73,1,7,'Walaupun_HB telegram_NA dikirim_KP ke_IL rumah_NA mereka_GD di_IL Singapura_NK ,_, namun_HB tidak_XA ada_KW sebarang_BK tindakan_NA susulan_NA daripada_IA anak_NA buah_NP mereka_GD di_IL sana_GL ._.','2015-02-17 15:06:44','2015-02-17 15:06:44'),(74,2,8,'Tapi_HS hasrat_NA dan_HS keinginan_NA Besah_NK tidak_XA boleh_PM ditahan-tahan_KP ._.','2015-02-17 15:19:11','2015-02-17 15:19:11'),(75,2,8,'Tidak_XA boleh_PM dibantah-bantah_KP !_!','2015-02-17 15:19:11','2015-02-17 15:19:11'),(76,2,8,'Begitulah_DA+E fiil_NA Besah_NK ._.','2015-02-17 15:19:12','2015-02-17 15:19:12'),(77,2,8,'Apa_TN yang_HR diinginkan_KP tidak_XA boleh_PM disekat-sekat_KP ._.','2015-02-17 15:19:12','2015-02-17 15:19:12'),(78,2,8,'Diajak_KP mereka_GD bermalam_KI di_IL pondok_NA buruknya_SA+$ pun_LA tidak_XA mahu_KK ,_, Besah_NK terutamanya_AA ._.+$','2015-02-17 15:19:13','2015-02-17 15:19:13'),(79,2,8,'Seman_NK perasan_KC itu_DA ._.','2015-02-17 15:19:14','2015-02-17 15:19:14'),(80,2,8,'Sejak_IA dulu-dulu_AW lagi_AA fiil_NA Besah_NK begitu_AC ._.','2015-02-17 15:19:14','2015-02-17 15:19:14'),(81,2,8,'TIdak_XA pernah_PA berubah-ubah_KI sampailah_HB+E ke_IL tua_SA ._.','2015-02-17 15:19:14','2015-02-17 15:19:14'),(82,2,8,'Besah_NK lebih_PI senang_SA bermalam_KI di_IL hotel_NA ._.','2015-02-17 15:19:15','2015-02-17 15:19:15'),(83,2,8,'Selesa_SA ,_, katanya_KT ._.+$','2015-02-17 15:19:16','2015-02-17 15:19:16'),(84,2,8,'Tidak_XA banyak_BK nyamuk_NA macam_IA di_IL rumah_NA Seman_NK ._.','2015-02-17 15:19:16','2015-02-17 15:19:16'),(85,2,8,'Di_IL hotel_NA tidak_XA ada_KW pijat-pijat_NA ,_,  tidak_XA ada_KW tikus_NA yang_HR merayap_KI ._.','2015-02-17 15:19:17','2015-02-17 15:19:17'),(86,2,8,'Seman_NK tidak_XA berkata_KC apa-apa_GI ._.','2015-02-17 15:19:18','2015-02-17 15:19:18'),(87,2,8,'Tapi_HS hati_NA tuanya_SA+$ tersentuh_KT juga_LA ._.','2015-02-17 15:19:18','2015-02-17 15:19:18'),(88,2,8,'Dia_GD tidak_XA mampu_KK menghalang_KT ._.','2015-02-17 15:19:18','2015-02-17 15:19:18'),(89,2,8,'Itu_Da sudah_PA kehendak_NA Besah_NK sendiri_GK ._.','2015-02-17 15:19:19','2015-02-17 15:19:19'),(90,2,8,'Dia_GD sedar_KC keadaan_NA hidupnya_KI+$ yang_HR serba_BK daif_SA ._.','2015-02-17 15:19:19','2015-02-17 15:19:19'),(91,2,8,'Gelisah_SA Seman_NK makin_PI menjadi_KH ._.','2015-02-17 15:19:20','2015-02-17 15:19:20'),(92,2,8,'Seman_NK menarik_KT naik_KT kain_NA pelikat_NA lusuhnya_SA+$ itu_DA yang_HR beransur_AC menggelongsor_KI turun_KI ._.','2015-02-17 15:19:20','2015-02-17 15:19:20'),(93,2,8,'Deru_NA angin_NA malam_NW terasa_KH begitu_AC mencengkam_KT ._.','2015-02-17 15:19:21','2015-02-17 15:19:21'),(94,2,8,'Dingin_SA ._.','2015-02-17 15:19:21','2015-02-17 15:19:21'),(95,2,8,'Menggigil_KI Seman_NK dibuatnya_KP ._.+$','2015-02-17 15:19:21','2015-02-17 15:19:21'),(96,2,8,'Tiba-tiba_AC wajah_NA Anisah_NK bertandang_KA lagi_AA di_IL kamar_NA ingatannya_NA ._.+$','2015-02-17 15:19:22','2015-02-17 15:19:22'),(97,2,8,'Alangkah_ZS bahaginya_SA+$ kalau_HB Anisah_NK ada_KW di_IL sisinya_IL ._.+$','2015-02-17 15:19:22','2015-02-17 15:19:22'),(98,2,8,'Ada_KW di_IL sampingnya_NA+$ pada_IA saat-saat_NA begini_AC ._.','2015-02-17 15:19:23','2015-02-17 15:19:23'),(99,2,8,'Teringat_KS Seman_NK apabila_HB menjelang_KT waktu_NA tengah_NL malam_NW begini_AC ,_, kalau_HB dia_GD tidak_XA turun_KI ke_IL laut_NA ,_, Anisah_NK akan_PA menyediakan_KT kopi_NA o\'_NA panas_SA ._.','2015-02-17 15:19:23','2015-02-17 15:19:23'),(100,2,8,'Sedap_SA rasanya_KI+$ kopi_NA o\'_NA yang_HR dibancuh_KP oleh_IA Anisah_NK ,_, mengalahkan_KT kopi_NA o\'_NA Pak_NG Mak_NK yang_HR kedainya_NA+$ terletak_KS di_IL simpang_NA tiga_#K jalan_NA menghala_KT ke_IL kampungnya_NA ,_,+$ Pulau_NA Besar_SA ._.','2015-02-17 15:19:25','2015-02-17 15:19:25'),(101,2,8,'Tidak_XA cukup_PI secawan_NS ,_, dua_#K tiga_#K cawan_NA pun_LA dapat_PM dihabiskannya_KP ._.+$','2015-02-17 15:19:27','2015-02-17 15:19:27'),(111,6,18,'Besah/KNK lebih/KB mementingkan/KK diri/KN sendiri/KGN ./. Sama/ADJ juga/NON seperti/KSN Jusoh/KNK ,/, suami/KN Besah/KNK ./. Masing-masing/KBIL keras/ADJ kepala/KN ./. Langsung/ADV tidak/KNF mahu/KK berunding/KK secara/KN damai/ADJ ./. Tidak/KNF mahu/KK berunding/KK ,/, berkira/KK bicara/KN secara/KN adik/KN beradik/KK ./. Cuma/ADV bezanya/KN ,/,+$ Jusoh/KNK agak/KB pendiam/ADJ ./. Tidak/KNF becok/ADJ seperti/KSN mulut/KN Besah/KNK yang/KH cakapnya/KN sering/ADV tidak/KNF berlapik/KK ./. Macam/KSN murai/KN yang/KH dicabut/KK ekornya/KN ,/,+$ dua/KBIL puluh/KBIL empat/KBIL jam/KN berdecit/KK bising/ADJ ./. Tapi/KH Jusoh/KNK masih/KB boleh/KB diajak/KK kira/KN bicara/KN ./. Masih/KB boleh/KB dibawa/KK berunding/KK ./. Tapi/KH masih/KB juga/NON mengikut/KK telunjuk/KN isteri/KN ./. Masih/KB dikontrol/KK oleh/KSN Besah/KNK ./. Langsung/ADV Jusoh/KNK tidak/KNF berani/ADJ membantah/KK ./. Tidak/KNF tahu/KK memprotes/KK ./. \"/NON Kami/KGN datang/KK ni/KGT ada/NON hajat/KN ,/, Abang/KN Long,\"/NON_NK Besah/KNK memulakan/KK bicara/KN sebaik/ADJ saja/NON bersimpuh/KK di/KSN ruang/KN tamu/KN yang/KH tidak/KNF seluas/ADJ mana/KT ./. Seman/KNK pada/KSN mulanya/KN terlalu/KB gembira/ADJ menyambut/KK kedatangan/KN Besah/KNK dan/KH Jusoh/KNK ./. Maklumlah/NON mereka/KGN sudah/KB terlalu/KB lama/ADJ tidak/KNF bertemu/KK ./. Bukan/KNF senang/ADJ untuk/KSN selalu/ADV bersama/KSN begini/ADV ./. Malah/ADV ,/, seingat-ingat/ADV Seman/KNK ,/, inilah/NON pertama/KBIL kali/KN mereka/KGN bertemu/KK selepas/KH kematian/KN Munah/KNK ,/, isterinya/KN yang/KH juga/NON kakak/KN kepada/KSN Besah/KNK ./. Setelah/KH tujuh/KBIL tahun/KN lebih/KB kurang/KB isterinya/KN meninggal/KK barulah/NON kali/KN ini/KGT mereka/KGN berjumpa/KK semula/ADV ./. Semasa/KH kematian/KN Munah/KNK dulu/ADV ,/, Besah/KNK dan/KH Jusoh/KNK tidak/KNF di/KSN Singapura/KNK ./. Mereka/KGN pergi/KK makan/KK angin/KN ke/KSN Jepun/KNK ./. Walaupun/KH telegram/KN dikirim/KK ke/KSN rumah/KN mereka/KGN di/KSN Singapura/KNK ,/, namun/KH tidak/KNF ada/NON sebarang/KBIL tindakan/KN susulan/KN daripada/KSN anak/KN buah/KN mereka/KGN di/KSN sana/KGN ./.','2015-02-17 16:41:55','2015-02-17 16:41:55'),(112,7,19,'Besah lebih mementingkan diri sendiri.','2015-02-17 16:45:57','2015-02-17 16:45:57'),(113,7,19,'Sama juga seperti Jusoh, suami Besah.','2015-02-17 16:45:57','2015-02-17 16:45:57'),(114,7,19,'Masing-masing keras kepala.','2015-02-17 16:45:58','2015-02-17 16:45:58'),(115,7,19,'Langsung tidak mahu berunding secara damai.','2015-02-17 16:45:58','2015-02-17 16:45:58'),(116,7,19,'Tidak mahu berunding, berkira bicara secara adik beradik.','2015-02-17 16:45:59','2015-02-17 16:45:59'),(117,7,19,'Cuma bezanya, Jusoh agak pendiam.','2015-02-17 16:45:59','2015-02-17 16:45:59'),(118,7,19,'Tidak becok seperti mulut Besah yang cakapnya sering tidak berlapik.','2015-02-17 16:45:59','2015-02-17 16:45:59'),(119,7,19,'Macam murai yang dicabut ekornya, dua puluh empat jam berdecit bising.','2015-02-17 16:46:00','2015-02-17 16:46:00'),(120,7,19,'Tapi Jusoh masih boleh diajak kira bicara.','2015-02-17 16:46:01','2015-02-17 16:46:01'),(121,7,19,'Masih boleh dibawa berunding.','2015-02-17 16:46:02','2015-02-17 16:46:02'),(122,7,19,'Tapi masih juga mengikut telunjuk isteri.','2015-02-17 16:46:02','2015-02-17 16:46:02'),(123,7,19,'Masih dikontrol oleh Besah.','2015-02-17 16:46:03','2015-02-17 16:46:03'),(124,7,19,'Langsung Jusoh tidak berani membantah.','2015-02-17 16:46:03','2015-02-17 16:46:03'),(125,7,19,'Tidak tahu memprotes.','2015-02-17 16:46:03','2015-02-17 16:46:03'),(126,7,19,'\" Kami datang ni ada hajat, Abang Long,\" Besah memulakan bicara sebaik saja bersimpuh di ruang tamu yang tidak seluas mana.','2015-02-17 16:46:04','2015-02-17 16:46:04'),(127,7,19,'Seman pada mulanya terlalu gembira menyambut kedatangan Besah dan Jusoh.','2015-02-17 16:46:05','2015-02-17 16:46:05'),(128,7,19,'Maklumlah mereka sudah terlalu lama tidak bertemu.','2015-02-17 16:46:07','2015-02-17 16:46:07'),(129,7,19,'Bukan senang untuk selalu bersama begini.','2015-02-17 16:46:07','2015-02-17 16:46:07'),(130,7,19,'Malah, seingat-ingat Seman, inilah pertama kali mereka bertemu selepas kematian Munah, isterinya yang juga kakak kepada Besah.','2015-02-17 16:46:08','2015-02-17 16:46:08'),(131,7,19,'Setelah tujuh tahun lebih kurang isterinya meninggal barulah kali ini mereka berjumpa semula.','2015-02-17 16:46:09','2015-02-17 16:46:09'),(132,7,19,'Semasa kematian Munah dulu, Besah dan Jusoh tidak di Singapura.','2015-02-17 16:46:10','2015-02-17 16:46:10'),(133,7,19,'Mereka pergi makan angin ke Jepun.','2015-02-17 16:46:10','2015-02-17 16:46:10'),(134,7,19,'Walaupun telegram dikirim ke rumah mereka di Singapura, namun tidak ada sebarang tindakan susulan daripada anak buah mereka di sana.','2015-02-17 16:46:11','2015-02-17 16:46:11');

/*Table structure for table `korpus_word_units` */

DROP TABLE IF EXISTS `korpus_word_units`;

CREATE TABLE `korpus_word_units` (
  `id` int(11) unsigned NOT NULL AUTO_INCREMENT,
  `name` varchar(255) DEFAULT NULL,
  `created` datetime DEFAULT NULL,
  `modified` datetime DEFAULT NULL,
  PRIMARY KEY (`id`)
) ENGINE=InnoDB DEFAULT CHARSET=latin1;

/*Data for the table `korpus_word_units` */

/*Table structure for table `korpus_words` */

DROP TABLE IF EXISTS `korpus_words`;

CREATE TABLE `korpus_words` (
  `id` int(11) unsigned NOT NULL AUTO_INCREMENT,
  `input_id` int(11) unsigned NOT NULL,
  `paragraph_id` int(11) unsigned NOT NULL,
  `sentence_id` int(11) unsigned NOT NULL,
  `lexicon_id` int(11) unsigned NOT NULL,
  `raw` varchar(255) DEFAULT NULL,
  `value` varchar(255) DEFAULT NULL,
  `created` datetime DEFAULT NULL,
  `modified` datetime DEFAULT NULL,
  PRIMARY KEY (`id`,`input_id`,`paragraph_id`,`sentence_id`,`lexicon_id`),
  KEY `fk_korpus_words_korpus_sentences1_idx` (`sentence_id`),
  KEY `fk_korpus_words_korpus_lexicons1_idx` (`lexicon_id`)
) ENGINE=InnoDB AUTO_INCREMENT=4274 DEFAULT CHARSET=latin1;

/*Data for the table `korpus_words` */

insert  into `korpus_words`(`id`,`input_id`,`paragraph_id`,`sentence_id`,`lexicon_id`,`raw`,`value`,`created`,`modified`) values (1139,5,6,28,18,'Bukan_XN','Bukan','2015-02-17 14:54:14','2015-02-17 14:54:14'),(1140,5,6,28,32,'sahaja_LA','sahaja','2015-02-17 14:54:14','2015-02-17 14:54:14'),(1141,5,6,28,3,'cantik_SA','cantik','2015-02-17 14:54:14','2015-02-17 14:54:14'),(1142,5,6,28,39,',_,',',','2015-02-17 14:54:14','2015-02-17 14:54:14'),(1143,5,6,28,7,'tapi_HS','tapi','2015-02-17 14:54:14','2015-02-17 14:54:14'),(1144,5,6,28,32,'juga_LA','juga','2015-02-17 14:54:14','2015-02-17 14:54:14'),(1145,5,6,28,3,'pintar_SA','pintar','2015-02-17 14:54:14','2015-02-17 14:54:14'),(1146,5,6,28,38,'._.','.','2015-02-17 14:54:14','2015-02-17 14:54:14'),(1147,5,6,29,33,'Anisah_NK','Anisah','2015-02-17 14:54:14','2015-02-17 14:54:14'),(1148,5,6,29,1,'gadis_NA','gadis','2015-02-17 14:54:14','2015-02-17 14:54:14'),(1149,5,6,29,7,'yang_HR','yang','2015-02-17 14:54:14','2015-02-17 14:54:14'),(1150,5,6,29,3,'bijak_SA','bijak','2015-02-17 14:54:15','2015-02-17 14:54:15'),(1151,5,6,29,39,',_,',',','2015-02-17 14:54:15','2015-02-17 14:54:15'),(1152,5,6,29,1,'pelajar_NA','pelajar','2015-02-17 14:54:15','2015-02-17 14:54:15'),(1153,5,6,29,7,'yang_HR','yang','2015-02-17 14:54:15','2015-02-17 14:54:15'),(1154,5,6,29,3,'cerdas_SA','cerdas','2015-02-17 14:54:15','2015-02-17 14:54:15'),(1155,5,6,29,1,'dalam_NL','dalam','2015-02-17 14:54:15','2015-02-17 14:54:15'),(1156,5,6,29,1,'pelajaran_NA','pelajaran','2015-02-17 14:54:15','2015-02-17 14:54:15'),(1157,5,6,29,38,'._.','.','2015-02-17 14:54:15','2015-02-17 14:54:15'),(1158,5,6,30,7,'Kalau_HB','Kalau','2015-02-17 14:54:15','2015-02-17 14:54:15'),(1159,5,6,30,5,'kurang_PI','kurang','2015-02-17 14:54:15','2015-02-17 14:54:15'),(1160,5,6,30,32,'pun_LAmu','pun','2015-02-17 14:54:15','2015-02-17 14:54:15'),(1161,5,6,30,39,',_,ngkin_PM',',','2015-02-17 14:54:15','2015-02-17 14:54:15'),(1162,5,6,30,7,'kerana_HB','kerana','2015-02-17 14:54:15','2015-02-17 14:54:15'),(1163,5,6,30,33,'Anisah_NK','Anisah','2015-02-17 14:54:15','2015-02-17 14:54:15'),(1164,5,6,30,3,'tempang_SA','tempang','2015-02-17 14:54:15','2015-02-17 14:54:15'),(1165,5,6,30,38,'._.','.','2015-02-17 14:54:15','2015-02-17 14:54:15'),(1166,5,6,31,1,'Jalan_NA','Jalan','2015-02-17 14:54:16','2015-02-17 14:54:16'),(1167,5,6,31,33,'Anisah_NK','Anisah','2015-02-17 14:54:16','2015-02-17 14:54:16'),(1168,5,6,31,2,'terhenjot-henjot_KS','terhenjot-henjot','2015-02-17 14:54:16','2015-02-17 14:54:16'),(1169,5,6,31,39,',_,',',','2015-02-17 14:54:16','2015-02-17 14:54:16'),(1170,5,6,31,8,'malah_AA','malah','2015-02-17 14:54:16','2015-02-17 14:54:16'),(1171,5,6,31,2,'terpaksa_KS','terpaksa','2015-02-17 14:54:16','2015-02-17 14:54:16'),(1172,5,6,31,2,'dibantu_KP','dibantu','2015-02-17 14:54:16','2015-02-17 14:54:16'),(1173,5,6,31,4,'oleh_IA','oleh','2015-02-17 14:54:16','2015-02-17 14:54:16'),(1174,5,6,31,1,'kayu_NA','kayu','2015-02-17 14:54:16','2015-02-17 14:54:16'),(1175,5,6,31,1,'tupang_NA','tupang','2015-02-17 14:54:16','2015-02-17 14:54:16'),(1176,5,6,31,38,'._.','.','2015-02-17 14:54:16','2015-02-17 14:54:16'),(1177,5,6,32,32,'Itulah_DA+E','Itulah','2015-02-17 14:54:17','2015-02-17 14:54:17'),(1178,5,6,32,1,'kekurangan_NA','kekurangan','2015-02-17 14:54:17','2015-02-17 14:54:17'),(1179,5,6,32,33,'Anisah_NK','Anisah','2015-02-17 14:54:17','2015-02-17 14:54:17'),(1180,5,6,32,40,'!_!','!','2015-02-17 14:54:17','2015-02-17 14:54:17'),(1181,5,6,33,33,'Seman_NK','Seman','2015-02-17 14:54:17','2015-02-17 14:54:17'),(1182,5,6,33,2,'mengeluh_KI','mengeluh','2015-02-17 14:54:17','2015-02-17 14:54:17'),(1183,5,6,33,3,'kecil_SA','kecil','2015-02-17 14:54:17','2015-02-17 14:54:17'),(1184,5,6,33,38,'._.','.','2015-02-17 14:54:17','2015-02-17 14:54:17'),(1185,5,6,34,1,'Malam_NW','Malam','2015-02-17 14:54:18','2015-02-17 14:54:18'),(1186,5,6,34,8,'semakin_AI','semakin','2015-02-17 14:54:18','2015-02-17 14:54:18'),(1187,5,6,34,2,'larut_KT','larut','2015-02-17 14:54:18','2015-02-17 14:54:18'),(1188,5,6,34,38,'._.','.','2015-02-17 14:54:18','2015-02-17 14:54:18'),(1189,5,6,35,1,'Wajah_NA','Wajah','2015-02-17 14:54:18','2015-02-17 14:54:18'),(1190,5,6,35,1,'bulan_NA','bulan','2015-02-17 14:54:19','2015-02-17 14:54:19'),(1191,5,6,35,32,'pun_LA','pun','2015-02-17 14:54:19','2015-02-17 14:54:19'),(1192,5,6,35,8,'semakin_AI','semakin','2015-02-17 14:54:19','2015-02-17 14:54:19'),(1193,5,6,35,2,'berengsot_KI','berengsot','2015-02-17 14:54:19','2015-02-17 14:54:19'),(1194,5,6,35,7,'dan_HS','dan','2015-02-17 14:54:19','2015-02-17 14:54:19'),(1195,5,6,35,3,'pudar_SA','pudar','2015-02-17 14:54:19','2015-02-17 14:54:19'),(1196,5,6,35,38,'._.','.','2015-02-17 14:54:19','2015-02-17 14:54:19'),(1197,5,6,36,1,'Bintang-bintang_NA','Bintang-bintang','2015-02-17 14:54:19','2015-02-17 14:54:19'),(1198,5,6,36,2,'mengerdip_KT','mengerdip','2015-02-17 14:54:19','2015-02-17 14:54:19'),(1199,5,6,36,3,'samar_SA','samar','2015-02-17 14:54:19','2015-02-17 14:54:19'),(1200,5,6,36,38,'._.','.','2015-02-17 14:54:19','2015-02-17 14:54:19'),(1201,5,6,37,8,'Cuma_AA','Cuma','2015-02-17 14:54:19','2015-02-17 14:54:19'),(1202,5,6,37,1,'gelora_NA','gelora','2015-02-17 14:54:19','2015-02-17 14:54:19'),(1203,5,6,37,1,'ombak_NA','ombak','2015-02-17 14:54:20','2015-02-17 14:54:20'),(1204,5,6,37,7,'yang_HR','yang','2015-02-17 14:54:20','2015-02-17 14:54:20'),(1205,5,6,37,5,'masih_PA','masih','2015-02-17 14:54:20','2015-02-17 14:54:20'),(1206,5,6,37,3,'keras_SA','keras','2015-02-17 14:54:20','2015-02-17 14:54:20'),(1207,5,6,37,2,'membadai_KI','membadai','2015-02-17 14:54:20','2015-02-17 14:54:20'),(1208,5,6,37,38,'._.','.','2015-02-17 14:54:20','2015-02-17 14:54:20'),(1209,5,6,38,4,'Seperti_IA','Seperti','2015-02-17 14:54:20','2015-02-17 14:54:20'),(1210,5,6,38,1,'gelora_NA','gelora','2015-02-17 14:54:20','2015-02-17 14:54:20'),(1211,5,6,38,3,'resah_SA','resah','2015-02-17 14:54:20','2015-02-17 14:54:20'),(1212,5,6,38,4,'di_IL','di','2015-02-17 14:54:20','2015-02-17 14:54:20'),(1213,5,6,38,1,'dada_NA','dada','2015-02-17 14:54:20','2015-02-17 14:54:20'),(1214,5,6,38,33,'Seman_NK','Seman','2015-02-17 14:54:20','2015-02-17 14:54:20'),(1215,5,6,38,39,',_,',',','2015-02-17 14:54:20','2015-02-17 14:54:20'),(1216,5,6,38,2,'beralun-alun_KA','beralun-alun','2015-02-17 14:54:20','2015-02-17 14:54:20'),(1217,5,6,38,39,',_,',',','2015-02-17 14:54:20','2015-02-17 14:54:20'),(1218,5,6,38,2,'bergulung-gulung_KI','bergulung-gulung','2015-02-17 14:54:20','2015-02-17 14:54:20'),(1219,5,6,38,40,'!_!','!','2015-02-17 14:54:21','2015-02-17 14:54:21'),(1220,5,6,39,3,'Perlahan_SA','Perlahan','2015-02-17 14:54:21','2015-02-17 14:54:21'),(1221,5,6,39,33,'Seman_NK','Seman','2015-02-17 14:54:21','2015-02-17 14:54:21'),(1222,5,6,39,2,'bangkit_KI','bangkit','2015-02-17 14:54:21','2015-02-17 14:54:21'),(1223,5,6,39,7,'dan_HS','dan','2015-02-17 14:54:21','2015-02-17 14:54:21'),(1224,5,6,39,2,'mengatup_KT','mengatup','2015-02-17 14:54:21','2015-02-17 14:54:21'),(1225,5,6,39,1,'daun_NA','daun','2015-02-17 14:54:21','2015-02-17 14:54:21'),(1226,5,6,39,1,'pintu_NA','pintu','2015-02-17 14:54:21','2015-02-17 14:54:21'),(1227,5,6,39,7,'yang_HR','yang','2015-02-17 14:54:21','2015-02-17 14:54:21'),(1228,5,6,39,2,'berlorekkan_KT','berlorekkan','2015-02-17 14:54:21','2015-02-17 14:54:21'),(1229,5,6,39,1,'bunga_NA','bunga','2015-02-17 14:54:21','2015-02-17 14:54:21'),(1230,5,6,39,3,'raya_SA','raya','2015-02-17 14:54:21','2015-02-17 14:54:21'),(1231,5,6,39,38,'._.','.','2015-02-17 14:54:21','2015-02-17 14:54:21'),(1232,5,6,40,4,'Dengan_IA','Dengan','2015-02-17 14:54:21','2015-02-17 14:54:21'),(1233,5,6,40,3,'malas_SA','malas','2015-02-17 14:54:21','2015-02-17 14:54:21'),(1234,5,6,40,33,'Seman_NK','Seman','2015-02-17 14:54:21','2015-02-17 14:54:21'),(1235,5,6,40,2,'merebahkan_KT','merebahkan','2015-02-17 14:54:22','2015-02-17 14:54:22'),(1236,5,6,40,1,'badannya_NA+$','badannya','2015-02-17 14:54:22','2015-02-17 14:54:22'),(1237,5,6,40,4,'di_IL','di','2015-02-17 14:54:22','2015-02-17 14:54:22'),(1238,5,6,40,1,'atas_NL','atas','2015-02-17 14:54:22','2015-02-17 14:54:22'),(1239,5,6,40,1,'tilam_NA','tilam','2015-02-17 14:54:22','2015-02-17 14:54:22'),(1240,5,6,40,7,'yang_HR','yang','2015-02-17 14:54:22','2015-02-17 14:54:22'),(1241,5,6,40,5,'sudah_PA','sudah','2015-02-17 14:54:22','2015-02-17 14:54:22'),(1242,5,6,40,2,'carik_KT','carik','2015-02-17 14:54:22','2015-02-17 14:54:22'),(1243,5,6,40,39,',_,',',','2015-02-17 14:54:22','2015-02-17 14:54:22'),(1244,5,6,40,2,'terjongkol_KS','terjongkol','2015-02-17 14:54:22','2015-02-17 14:54:22'),(1245,5,6,40,1,'kekabu_NA','kekabu','2015-02-17 14:54:22','2015-02-17 14:54:22'),(1246,5,6,40,7,'yang_HR','yang','2015-02-17 14:54:22','2015-02-17 14:54:22'),(1247,5,6,40,5,'sudah_PA','sudah','2015-02-17 14:54:22','2015-02-17 14:54:22'),(1248,5,6,40,2,'hilang_KT','hilang','2015-02-17 14:54:22','2015-02-17 14:54:22'),(1249,5,6,40,1,'warna_NA','warna','2015-02-17 14:54:23','2015-02-17 14:54:23'),(1250,5,6,40,1,'keputihannya_NA','keputihannya','2015-02-17 14:54:23','2015-02-17 14:54:23'),(1251,5,6,40,38,'._.+$','.','2015-02-17 14:54:23','2015-02-17 14:54:23'),(1252,5,6,41,33,'Seman_NK','Seman','2015-02-17 14:54:23','2015-02-17 14:54:23'),(1253,5,6,41,2,'terlena_KS','terlena','2015-02-17 14:54:23','2015-02-17 14:54:23'),(1254,5,6,41,3,'akhirnya_SA+$','akhirnya','2015-02-17 14:54:23','2015-02-17 14:54:23'),(1255,5,6,41,1,'dalam_NL','dalam','2015-02-17 14:54:23','2015-02-17 14:54:23'),(1256,5,6,41,1,'getaran_NA','getaran','2015-02-17 14:54:23','2015-02-17 14:54:23'),(1257,5,6,41,1,'ombak_NA','ombak','2015-02-17 14:54:23','2015-02-17 14:54:23'),(1258,5,6,41,4,'di_IL','di','2015-02-17 14:54:23','2015-02-17 14:54:23'),(1259,5,6,41,1,'dada_NA','dada','2015-02-17 14:54:23','2015-02-17 14:54:23'),(1260,5,6,41,40,'!_!','!','2015-02-17 14:54:23','2015-02-17 14:54:23'),(1261,5,6,42,1,'Matahari_NA','Matahari','2015-02-17 14:54:23','2015-02-17 14:54:23'),(1262,5,6,42,5,'sudah_PA','sudah','2015-02-17 14:54:24','2015-02-17 14:54:24'),(1263,5,6,42,2,'meninggi_KI','meninggi','2015-02-17 14:54:24','2015-02-17 14:54:24'),(1264,5,6,42,8,'hampir_AT','hampir','2015-02-17 14:54:24','2015-02-17 14:54:24'),(1265,5,6,42,1,'segalah_NP','segalah','2015-02-17 14:54:24','2015-02-17 14:54:24'),(1266,5,6,42,38,'._.','.','2015-02-17 14:54:24','2015-02-17 14:54:24'),(1267,5,6,43,1,'Tompokan_NA','Tompokan','2015-02-17 14:54:24','2015-02-17 14:54:24'),(1268,5,6,43,1,'awan_NA','awan','2015-02-17 14:54:24','2015-02-17 14:54:24'),(1269,5,6,43,3,'putih_SA','putih','2015-02-17 14:54:24','2015-02-17 14:54:24'),(1270,5,6,43,2,'berarak_KI','berarak','2015-02-17 14:54:24','2015-02-17 14:54:24'),(1271,5,6,43,3,'gagah_SA','gagah','2015-02-17 14:54:24','2015-02-17 14:54:24'),(1272,5,6,43,4,'di_IL','di','2015-02-17 14:54:24','2015-02-17 14:54:24'),(1273,5,6,43,1,'dada_NA','dada','2015-02-17 14:54:24','2015-02-17 14:54:24'),(1274,5,6,43,1,'awan_NA','awan','2015-02-17 14:54:24','2015-02-17 14:54:24'),(1275,5,6,43,38,'._.','.','2015-02-17 14:54:25','2015-02-17 14:54:25'),(1276,5,6,44,18,'Tidak_XA','Tidak','2015-02-17 14:54:25','2015-02-17 14:54:25'),(1277,5,6,44,32,'ada_KW','ada','2015-02-17 14:54:25','2015-02-17 14:54:25'),(1278,5,6,44,1,'tanda-tanda_NA','tanda-tanda','2015-02-17 14:54:25','2015-02-17 14:54:25'),(1279,5,6,44,1,'hujan_NA','hujan','2015-02-17 14:54:25','2015-02-17 14:54:25'),(1280,5,6,44,5,'akan_PA','akan','2015-02-17 14:54:25','2015-02-17 14:54:25'),(1281,5,6,44,2,'mencurah_KT','mencurah','2015-02-17 14:54:25','2015-02-17 14:54:25'),(1282,5,6,44,38,'._.','.','2015-02-17 14:54:25','2015-02-17 14:54:25'),(1283,5,6,45,1,'Persekitaran_NA','Persekitaran','2015-02-17 14:54:25','2015-02-17 14:54:25'),(1284,5,6,45,1,'kampung_NA','kampung','2015-02-17 14:54:25','2015-02-17 14:54:25'),(1285,5,6,45,1,'Pulau_NA','Pulau','2015-02-17 14:54:25','2015-02-17 14:54:25'),(1286,5,6,45,3,'Besar_SA','Besar','2015-02-17 14:54:25','2015-02-17 14:54:25'),(1287,5,6,45,1,'dalam_NL','dalam','2015-02-17 14:54:26','2015-02-17 14:54:26'),(1288,5,6,45,1,'jajahan_NA','jajahan','2015-02-17 14:54:26','2015-02-17 14:54:26'),(1289,5,6,45,33,'Tumpat_NK','Tumpat','2015-02-17 14:54:26','2015-02-17 14:54:26'),(1290,5,6,45,39,',_,',',','2015-02-17 14:54:26','2015-02-17 14:54:26'),(1291,5,6,45,3,'terang_SA','terang','2015-02-17 14:54:26','2015-02-17 14:54:26'),(1292,5,6,45,3,'benderang_SA','benderang','2015-02-17 14:54:26','2015-02-17 14:54:26'),(1293,5,6,45,38,'._.','.','2015-02-17 14:54:26','2015-02-17 14:54:26'),(1294,5,6,46,33,'Seman_NK','Seman','2015-02-17 14:54:26','2015-02-17 14:54:26'),(1295,5,6,46,2,'mengucap_KT','mengucap','2015-02-17 14:54:26','2015-02-17 14:54:26'),(1296,5,6,46,1,'syukur_NA','syukur','2015-02-17 14:54:26','2015-02-17 14:54:26'),(1297,5,6,46,39,',_,',',','2015-02-17 14:54:26','2015-02-17 14:54:26'),(1298,5,6,46,3,'lega_SA','lega','2015-02-17 14:54:26','2015-02-17 14:54:26'),(1299,5,6,46,38,'._.','.','2015-02-17 14:54:27','2015-02-17 14:54:27'),(1300,5,6,47,35,'Ini_DA','Ini','2015-02-17 14:54:27','2015-02-17 14:54:27'),(1301,5,6,47,2,'bermakna_KA','bermakna','2015-02-17 14:54:27','2015-02-17 14:54:27'),(1302,5,6,47,32,'dapatlah_KI+E','dapatlah','2015-02-17 14:54:27','2015-02-17 14:54:27'),(1303,5,6,47,34,'dia_GD','dia','2015-02-17 14:54:27','2015-02-17 14:54:27'),(1304,5,6,47,4,'ke_IL','ke','2015-02-17 14:54:27','2015-02-17 14:54:27'),(1305,5,6,47,1,'laut_NA','laut','2015-02-17 14:54:27','2015-02-17 14:54:27'),(1306,5,6,47,1,'malam_NW','malam','2015-02-17 14:54:27','2015-02-17 14:54:27'),(1307,5,6,47,8,'nanti_AW','nanti','2015-02-17 14:54:27','2015-02-17 14:54:27'),(1308,5,6,47,38,'._.','.','2015-02-17 14:54:27','2015-02-17 14:54:27'),(1309,5,6,48,8,'Sekurang-kurangnya_AI','Sekurang-kurangnya','2015-02-17 14:54:27','2015-02-17 14:54:27'),(1310,5,6,48,34,'dia_GD','dia','2015-02-17 14:54:27','2015-02-17 14:54:27'),(1311,5,6,48,5,'dapat_PM','dapat','2015-02-17 14:54:27','2015-02-17 14:54:27'),(1312,5,6,48,2,'menambahkan_KT','menambahkan','2015-02-17 14:54:27','2015-02-17 14:54:27'),(1313,5,6,48,1,'rezekinya_NA+$','rezekinya','2015-02-17 14:54:28','2015-02-17 14:54:28'),(1314,5,6,48,4,'pada_IA','pada','2015-02-17 14:54:28','2015-02-17 14:54:28'),(1315,5,6,48,1,'minggu_NW','minggu','2015-02-17 14:54:28','2015-02-17 14:54:28'),(1316,5,6,48,35,'ini_DA','ini','2015-02-17 14:54:28','2015-02-17 14:54:28'),(1317,5,6,48,38,'._.','.','2015-02-17 14:54:28','2015-02-17 14:54:28'),(1318,5,6,49,1,'Bakul-bakul_NA','Bakul-bakul','2015-02-17 14:54:28','2015-02-17 14:54:28'),(1319,5,6,49,7,'dan_HS','dan','2015-02-17 14:54:28','2015-02-17 14:54:28'),(1320,5,6,49,1,'topi-topi_NA','topi-topi','2015-02-17 14:54:28','2015-02-17 14:54:28'),(1321,5,6,49,7,'yang_HR','yang','2015-02-17 14:54:28','2015-02-17 14:54:28'),(1322,5,6,49,2,'dianyamkan_KP','dianyamkan','2015-02-17 14:54:28','2015-02-17 14:54:28'),(1323,5,6,49,3,'sepanjang_SS','sepanjang','2015-02-17 14:54:28','2015-02-17 14:54:28'),(1324,5,6,49,1,'minggu_NW','minggu','2015-02-17 14:54:28','2015-02-17 14:54:28'),(1325,5,6,49,2,'lalu_KI','lalu','2015-02-17 14:54:29','2015-02-17 14:54:29'),(1326,5,6,49,5,'sudah_PA','sudah','2015-02-17 14:54:29','2015-02-17 14:54:29'),(1327,5,6,49,2,'siap_KT','siap','2015-02-17 14:54:29','2015-02-17 14:54:29'),(1328,5,6,49,11,'semuanya_BK+$','semuanya','2015-02-17 14:54:29','2015-02-17 14:54:29'),(1329,5,6,49,7,'dan_HS','dan','2015-02-17 14:54:29','2015-02-17 14:54:29'),(1330,5,6,49,34,'dia_GD','dia','2015-02-17 14:54:29','2015-02-17 14:54:29'),(1331,5,6,49,8,'cuma_AA','cuma','2015-02-17 14:54:29','2015-02-17 14:54:29'),(1332,5,6,49,5,'perlu_PM','perlu','2015-02-17 14:54:29','2015-02-17 14:54:29'),(1333,5,6,49,2,'menunggu_KT','menunggu','2015-02-17 14:54:29','2015-02-17 14:54:29'),(1334,5,6,49,1,'orang-orang_NA','orang-orang','2015-02-17 14:54:29','2015-02-17 14:54:29'),(1335,5,6,49,4,'dari_IL','dari','2015-02-17 14:54:29','2015-02-17 14:54:29'),(1336,5,6,49,1,'pusat_NA','pusat','2015-02-17 14:54:30','2015-02-17 14:54:30'),(1337,5,6,49,1,'kraftangan_NA','kraftangan','2015-02-17 14:54:30','2015-02-17 14:54:30'),(1338,5,6,49,2,'datang_KI','datang','2015-02-17 14:54:30','2015-02-17 14:54:30'),(1339,5,6,49,2,'mengambilnya_KT+$','mengambilnya','2015-02-17 14:54:30','2015-02-17 14:54:30'),(1340,5,6,49,4,'untuk_IA','untuk','2015-02-17 14:54:30','2015-02-17 14:54:30'),(1341,5,6,49,2,'dibawa_KP','dibawa','2015-02-17 14:54:30','2015-02-17 14:54:30'),(1342,5,6,49,7,'dan_HS','dan','2015-02-17 14:54:31','2015-02-17 14:54:31'),(1343,5,6,49,2,'dipasarkan_KP','dipasarkan','2015-02-17 14:54:31','2015-02-17 14:54:31'),(1344,5,6,49,4,'di_IL','di','2015-02-17 14:54:31','2015-02-17 14:54:31'),(1345,5,6,49,1,'bandar_NA','bandar','2015-02-17 14:54:31','2015-02-17 14:54:31'),(1346,5,6,49,1,'Kota_NA','Kota','2015-02-17 14:54:31','2015-02-17 14:54:31'),(1347,5,6,49,3,'Bharu_SA','Bharu','2015-02-17 14:54:31','2015-02-17 14:54:31'),(1348,5,6,49,7,'atau_HS','atau','2015-02-17 14:54:31','2015-02-17 14:54:31'),(1349,5,6,49,1,'sebagainya_NA','sebagainya','2015-02-17 14:54:31','2015-02-17 14:54:31'),(1350,5,6,49,38,'._.+$','.','2015-02-17 14:54:31','2015-02-17 14:54:31'),(1351,5,6,50,8,'Sekarang_AW','Sekarang','2015-02-17 14:54:31','2015-02-17 14:54:31'),(1352,5,6,50,1,'musim_NA','musim','2015-02-17 14:54:31','2015-02-17 14:54:31'),(1353,5,6,50,1,'Tahun_NW','Tahun','2015-02-17 14:54:31','2015-02-17 14:54:31'),(1354,5,6,50,2,'Melawat_KT','Melawat','2015-02-17 14:54:31','2015-02-17 14:54:31'),(1355,5,6,50,33,'Malaysia_NK','Malaysia','2015-02-17 14:54:31','2015-02-17 14:54:31'),(1356,5,6,50,39,',_,',',','2015-02-17 14:54:31','2015-02-17 14:54:31'),(1357,5,6,50,2,'kata_KT','kata','2015-02-17 14:54:32','2015-02-17 14:54:32'),(1358,5,6,50,1,'pegawai-pegawai_NA','pegawai-pegawai','2015-02-17 14:54:32','2015-02-17 14:54:32'),(1359,5,6,50,4,'dari_IL','dari','2015-02-17 14:54:32','2015-02-17 14:54:32'),(1360,5,6,50,1,'pusat_NA','pusat','2015-02-17 14:54:32','2015-02-17 14:54:32'),(1361,5,6,50,1,'kraftangan_NA','kraftangan','2015-02-17 14:54:32','2015-02-17 14:54:32'),(1362,5,6,50,38,'._.','.','2015-02-17 14:54:32','2015-02-17 14:54:32'),(1363,1,7,51,33,'Besah_NK','Besah','2015-02-17 15:06:31','2015-02-17 15:06:31'),(1364,1,7,51,5,'lebih_PI','lebih','2015-02-17 15:06:31','2015-02-17 15:06:31'),(1365,1,7,51,2,'mementingkan_KT','mementingkan','2015-02-17 15:06:31','2015-02-17 15:06:31'),(1366,1,7,51,1,'diri_NA','diri','2015-02-17 15:06:31','2015-02-17 15:06:31'),(1367,1,7,51,34,'sendiri_GK','sendiri','2015-02-17 15:06:31','2015-02-17 15:06:31'),(1368,1,7,51,38,'._.','.','2015-02-17 15:06:31','2015-02-17 15:06:31'),(1369,1,7,52,3,'Sama_SA','Sama','2015-02-17 15:06:31','2015-02-17 15:06:31'),(1370,1,7,52,32,'juga_LA','juga','2015-02-17 15:06:31','2015-02-17 15:06:31'),(1371,1,7,52,4,'seperti_IA','seperti','2015-02-17 15:06:31','2015-02-17 15:06:31'),(1372,1,7,52,33,'Jusoh_NK','Jusoh','2015-02-17 15:06:31','2015-02-17 15:06:31'),(1373,1,7,52,39,',_,',',','2015-02-17 15:06:31','2015-02-17 15:06:31'),(1374,1,7,52,1,'suami_NA','suami','2015-02-17 15:06:31','2015-02-17 15:06:31'),(1375,1,7,52,33,'Besah_NK','Besah','2015-02-17 15:06:31','2015-02-17 15:06:31'),(1376,1,7,52,38,'._.','.','2015-02-17 15:06:31','2015-02-17 15:06:31'),(1377,1,7,53,11,'Masing-masing_BK','Masing-masing','2015-02-17 15:06:32','2015-02-17 15:06:32'),(1378,1,7,53,3,'keras_SA','keras','2015-02-17 15:06:32','2015-02-17 15:06:32'),(1379,1,7,53,1,'kepala_NA','kepala','2015-02-17 15:06:32','2015-02-17 15:06:32'),(1380,1,7,53,38,'._.','.','2015-02-17 15:06:32','2015-02-17 15:06:32'),(1381,1,7,54,8,'Langsung_AA','Langsung','2015-02-17 15:06:32','2015-02-17 15:06:32'),(1382,1,7,54,18,'tidak_XA','tidak','2015-02-17 15:06:32','2015-02-17 15:06:32'),(1383,1,7,54,2,'mahu_KK','mahu','2015-02-17 15:06:32','2015-02-17 15:06:32'),(1384,1,7,54,2,'berunding_KI','berunding','2015-02-17 15:06:32','2015-02-17 15:06:32'),(1385,1,7,54,1,'secara_NA','secara','2015-02-17 15:06:32','2015-02-17 15:06:32'),(1386,1,7,54,3,'damai_SA','damai','2015-02-17 15:06:32','2015-02-17 15:06:32'),(1387,1,7,54,38,'._.','.','2015-02-17 15:06:32','2015-02-17 15:06:32'),(1388,1,7,55,18,'Tidak_XA','Tidak','2015-02-17 15:06:32','2015-02-17 15:06:32'),(1389,1,7,55,2,'mahu_KK','mahu','2015-02-17 15:06:32','2015-02-17 15:06:32'),(1390,1,7,55,2,'berunding_KI','berunding','2015-02-17 15:06:32','2015-02-17 15:06:32'),(1391,1,7,55,39,',_,',',','2015-02-17 15:06:32','2015-02-17 15:06:32'),(1392,1,7,55,2,'berkira_KI','berkira','2015-02-17 15:06:32','2015-02-17 15:06:32'),(1393,1,7,55,1,'bicara_NA','bicara','2015-02-17 15:06:33','2015-02-17 15:06:33'),(1394,1,7,55,1,'secara_NA','secara','2015-02-17 15:06:33','2015-02-17 15:06:33'),(1395,1,7,55,1,'adik_NA','adik','2015-02-17 15:06:33','2015-02-17 15:06:33'),(1396,1,7,55,2,'beradik_KA','beradik','2015-02-17 15:06:33','2015-02-17 15:06:33'),(1397,1,7,55,38,'._.','.','2015-02-17 15:06:33','2015-02-17 15:06:33'),(1398,1,7,56,8,'Cuma_AA','Cuma','2015-02-17 15:06:33','2015-02-17 15:06:33'),(1399,1,7,56,1,'bezanya_NA','bezanya','2015-02-17 15:06:33','2015-02-17 15:06:33'),(1400,1,7,56,39,',_,+$',',','2015-02-17 15:06:33','2015-02-17 15:06:33'),(1401,1,7,56,33,'Jusoh_NK','Jusoh','2015-02-17 15:06:33','2015-02-17 15:06:33'),(1402,1,7,56,5,'agak_PI','agak','2015-02-17 15:06:33','2015-02-17 15:06:33'),(1403,1,7,56,3,'pendiam_SA','pendiam','2015-02-17 15:06:33','2015-02-17 15:06:33'),(1404,1,7,56,38,'._.','.','2015-02-17 15:06:33','2015-02-17 15:06:33'),(1405,1,7,57,18,'Tidak_XA','Tidak','2015-02-17 15:06:34','2015-02-17 15:06:34'),(1406,1,7,57,3,'becok_SA','becok','2015-02-17 15:06:34','2015-02-17 15:06:34'),(1407,1,7,57,4,'seperti_IA','seperti','2015-02-17 15:06:34','2015-02-17 15:06:34'),(1408,1,7,57,1,'mulut_NA','mulut','2015-02-17 15:06:34','2015-02-17 15:06:34'),(1409,1,7,57,33,'Besah_NK','Besah','2015-02-17 15:06:34','2015-02-17 15:06:34'),(1410,1,7,57,7,'yang_HR','yang','2015-02-17 15:06:34','2015-02-17 15:06:34'),(1411,1,7,57,1,'cakapnya_NA+$','cakapnya','2015-02-17 15:06:34','2015-02-17 15:06:34'),(1412,1,7,57,8,'sering_AF','sering','2015-02-17 15:06:34','2015-02-17 15:06:34'),(1413,1,7,57,18,'tidak_XA','tidak','2015-02-17 15:06:34','2015-02-17 15:06:34'),(1414,1,7,57,2,'berlapik_KI','berlapik','2015-02-17 15:06:34','2015-02-17 15:06:34'),(1415,1,7,57,38,'._.','.','2015-02-17 15:06:34','2015-02-17 15:06:34'),(1416,1,7,58,4,'Macam_IA','Macam','2015-02-17 15:06:34','2015-02-17 15:06:34'),(1417,1,7,58,1,'murai_NA','murai','2015-02-17 15:06:34','2015-02-17 15:06:34'),(1418,1,7,58,7,'yang_HR','yang','2015-02-17 15:06:34','2015-02-17 15:06:34'),(1419,1,7,58,2,'dicabut_KP','dicabut','2015-02-17 15:06:34','2015-02-17 15:06:34'),(1420,1,7,58,1,'ekornya_NA','ekornya','2015-02-17 15:06:34','2015-02-17 15:06:34'),(1421,1,7,58,39,',_,+$',',','2015-02-17 15:06:34','2015-02-17 15:06:34'),(1422,1,7,58,11,'dua_#K','dua','2015-02-17 15:06:35','2015-02-17 15:06:35'),(1423,1,7,58,11,'puluh_#K','puluh','2015-02-17 15:06:35','2015-02-17 15:06:35'),(1424,1,7,58,11,'empat_#K','empat','2015-02-17 15:06:35','2015-02-17 15:06:35'),(1425,1,7,58,1,'jam_NW','jam','2015-02-17 15:06:35','2015-02-17 15:06:35'),(1426,1,7,58,2,'berdecit_KA','berdecit','2015-02-17 15:06:35','2015-02-17 15:06:35'),(1427,1,7,58,3,'bising_SA','bising','2015-02-17 15:06:35','2015-02-17 15:06:35'),(1428,1,7,58,38,'._.','.','2015-02-17 15:06:35','2015-02-17 15:06:35'),(1429,1,7,59,7,'Tapi_HS','Tapi','2015-02-17 15:06:35','2015-02-17 15:06:35'),(1430,1,7,59,33,'Jusoh_NK','Jusoh','2015-02-17 15:06:35','2015-02-17 15:06:35'),(1431,1,7,59,5,'masih_PA','masih','2015-02-17 15:06:35','2015-02-17 15:06:35'),(1432,1,7,59,5,'boleh_PM','boleh','2015-02-17 15:06:35','2015-02-17 15:06:35'),(1433,1,7,59,2,'diajak_KP','diajak','2015-02-17 15:06:35','2015-02-17 15:06:35'),(1434,1,7,59,1,'kira_NA','kira','2015-02-17 15:06:35','2015-02-17 15:06:35'),(1435,1,7,59,1,'bicara_NA','bicara','2015-02-17 15:06:35','2015-02-17 15:06:35'),(1436,1,7,59,38,'._.','.','2015-02-17 15:06:35','2015-02-17 15:06:35'),(1437,1,7,60,5,'Masih_PA','Masih','2015-02-17 15:06:35','2015-02-17 15:06:35'),(1438,1,7,60,5,'boleh_PM','boleh','2015-02-17 15:06:35','2015-02-17 15:06:35'),(1439,1,7,60,2,'dibawa_KP','dibawa','2015-02-17 15:06:36','2015-02-17 15:06:36'),(1440,1,7,60,2,'berunding_KI','berunding','2015-02-17 15:06:36','2015-02-17 15:06:36'),(1441,1,7,60,38,'._.','.','2015-02-17 15:06:36','2015-02-17 15:06:36'),(1442,1,7,61,7,'Tapi_HS','Tapi','2015-02-17 15:06:36','2015-02-17 15:06:36'),(1443,1,7,61,5,'masih_PA','masih','2015-02-17 15:06:36','2015-02-17 15:06:36'),(1444,1,7,61,32,'juga_LA','juga','2015-02-17 15:06:36','2015-02-17 15:06:36'),(1445,1,7,61,2,'mengikut_KT','mengikut','2015-02-17 15:06:36','2015-02-17 15:06:36'),(1446,1,7,61,1,'telunjuk_NA','telunjuk','2015-02-17 15:06:36','2015-02-17 15:06:36'),(1447,1,7,61,1,'isteri_NA','isteri','2015-02-17 15:06:36','2015-02-17 15:06:36'),(1448,1,7,61,38,'._.','.','2015-02-17 15:06:36','2015-02-17 15:06:36'),(1449,1,7,62,5,'Masih_PA','Masih','2015-02-17 15:06:36','2015-02-17 15:06:36'),(1450,1,7,62,2,'dikontrol_KP','dikontrol','2015-02-17 15:06:36','2015-02-17 15:06:36'),(1451,1,7,62,4,'oleh_IA','oleh','2015-02-17 15:06:36','2015-02-17 15:06:36'),(1452,1,7,62,33,'Besah_NK','Besah','2015-02-17 15:06:37','2015-02-17 15:06:37'),(1453,1,7,62,38,'._.','.','2015-02-17 15:06:37','2015-02-17 15:06:37'),(1454,1,7,63,8,'Langsung_AA','Langsung','2015-02-17 15:06:37','2015-02-17 15:06:37'),(1455,1,7,63,33,'Jusoh_NK','Jusoh','2015-02-17 15:06:37','2015-02-17 15:06:37'),(1456,1,7,63,18,'tidak_XA','tidak','2015-02-17 15:06:37','2015-02-17 15:06:37'),(1457,1,7,63,3,'berani_SA','berani','2015-02-17 15:06:37','2015-02-17 15:06:37'),(1458,1,7,63,2,'membantah_KT','membantah','2015-02-17 15:06:37','2015-02-17 15:06:37'),(1459,1,7,63,38,'._.','.','2015-02-17 15:06:37','2015-02-17 15:06:37'),(1460,1,7,64,18,'Tidak_XA','Tidak','2015-02-17 15:06:37','2015-02-17 15:06:37'),(1461,1,7,64,2,'tahu_KC','tahu','2015-02-17 15:06:37','2015-02-17 15:06:37'),(1462,1,7,64,2,'memprotes_KI','memprotes','2015-02-17 15:06:37','2015-02-17 15:06:37'),(1463,1,7,64,38,'._.','.','2015-02-17 15:06:37','2015-02-17 15:06:37'),(1464,1,7,65,32,'\"','\"','2015-02-17 15:06:37','2015-02-17 15:06:37'),(1465,1,7,65,34,'Kami_GD','Kami','2015-02-17 15:06:37','2015-02-17 15:06:37'),(1466,1,7,65,2,'datang_KI','datang','2015-02-17 15:06:37','2015-02-17 15:06:37'),(1467,1,7,65,35,'ni_DA','ni','2015-02-17 15:06:38','2015-02-17 15:06:38'),(1468,1,7,65,32,'ada_KW','ada','2015-02-17 15:06:38','2015-02-17 15:06:38'),(1469,1,7,65,1,'hajat_NA','hajat','2015-02-17 15:06:38','2015-02-17 15:06:38'),(1470,1,7,65,39,',_,',',','2015-02-17 15:06:38','2015-02-17 15:06:38'),(1471,1,7,65,1,'Abang_NA','Abang','2015-02-17 15:06:38','2015-02-17 15:06:38'),(1472,1,7,65,33,'Long,\"_NK','Long,\"','2015-02-17 15:06:38','2015-02-17 15:06:38'),(1473,1,7,65,33,'Besah_NK','Besah','2015-02-17 15:06:38','2015-02-17 15:06:38'),(1474,1,7,65,2,'memulakan_KT','memulakan','2015-02-17 15:06:38','2015-02-17 15:06:38'),(1475,1,7,65,1,'bicara_NA','bicara','2015-02-17 15:06:38','2015-02-17 15:06:38'),(1476,1,7,65,3,'sebaik_SS','sebaik','2015-02-17 15:06:38','2015-02-17 15:06:38'),(1477,1,7,65,32,'saja_LA','saja','2015-02-17 15:06:38','2015-02-17 15:06:38'),(1478,1,7,65,2,'bersimpuh_KI','bersimpuh','2015-02-17 15:06:38','2015-02-17 15:06:38'),(1479,1,7,65,4,'di_IL','di','2015-02-17 15:06:38','2015-02-17 15:06:38'),(1480,1,7,65,1,'ruang_NA','ruang','2015-02-17 15:06:38','2015-02-17 15:06:38'),(1481,1,7,65,1,'tamu_NA','tamu','2015-02-17 15:06:38','2015-02-17 15:06:38'),(1482,1,7,65,7,'yang_HR','yang','2015-02-17 15:06:38','2015-02-17 15:06:38'),(1483,1,7,65,18,'tidak_XA','tidak','2015-02-17 15:06:39','2015-02-17 15:06:39'),(1484,1,7,65,3,'seluas_SS','seluas','2015-02-17 15:06:39','2015-02-17 15:06:39'),(1485,1,7,65,10,'mana_TL','mana','2015-02-17 15:06:39','2015-02-17 15:06:39'),(1486,1,7,65,38,'._.','.','2015-02-17 15:06:39','2015-02-17 15:06:39'),(1487,1,7,66,33,'Seman_NK','Seman','2015-02-17 15:06:39','2015-02-17 15:06:39'),(1488,1,7,66,4,'pada_IA','pada','2015-02-17 15:06:39','2015-02-17 15:06:39'),(1489,1,7,66,1,'mulanya_NA+$','mulanya','2015-02-17 15:06:39','2015-02-17 15:06:39'),(1490,1,7,66,5,'terlalu_PI','terlalu','2015-02-17 15:06:39','2015-02-17 15:06:39'),(1491,1,7,66,3,'gembira_SA','gembira','2015-02-17 15:06:39','2015-02-17 15:06:39'),(1492,1,7,66,2,'menyambut_KT','menyambut','2015-02-17 15:06:39','2015-02-17 15:06:39'),(1493,1,7,66,1,'kedatangan_NA','kedatangan','2015-02-17 15:06:39','2015-02-17 15:06:39'),(1494,1,7,66,33,'Besah_NK','Besah','2015-02-17 15:06:39','2015-02-17 15:06:39'),(1495,1,7,66,7,'dan_HS','dan','2015-02-17 15:06:39','2015-02-17 15:06:39'),(1496,1,7,66,33,'Jusoh_NK','Jusoh','2015-02-17 15:06:39','2015-02-17 15:06:39'),(1497,1,7,66,38,'._.','.','2015-02-17 15:06:39','2015-02-17 15:06:39'),(1498,1,7,67,32,'Maklumlah_KX+E','Maklumlah','2015-02-17 15:06:39','2015-02-17 15:06:39'),(1499,1,7,67,34,'mereka_GD','mereka','2015-02-17 15:06:39','2015-02-17 15:06:39'),(1500,1,7,67,5,'sudah_PA','sudah','2015-02-17 15:06:39','2015-02-17 15:06:39'),(1501,1,7,67,5,'terlalu_PI','terlalu','2015-02-17 15:06:40','2015-02-17 15:06:40'),(1502,1,7,67,3,'lama_SA','lama','2015-02-17 15:06:40','2015-02-17 15:06:40'),(1503,1,7,67,18,'tidak_XA','tidak','2015-02-17 15:06:40','2015-02-17 15:06:40'),(1504,1,7,67,2,'bertemu_KI','bertemu','2015-02-17 15:06:40','2015-02-17 15:06:40'),(1505,1,7,67,38,'._.','.','2015-02-17 15:06:40','2015-02-17 15:06:40'),(1506,1,7,68,18,'Bukan_XN','Bukan','2015-02-17 15:06:40','2015-02-17 15:06:40'),(1507,1,7,68,3,'senang_SA','senang','2015-02-17 15:06:40','2015-02-17 15:06:40'),(1508,1,7,68,4,'untuk_IA','untuk','2015-02-17 15:06:40','2015-02-17 15:06:40'),(1509,1,7,68,8,'selalu_AF','selalu','2015-02-17 15:06:40','2015-02-17 15:06:40'),(1510,1,7,68,4,'bersama_IA','bersama','2015-02-17 15:06:40','2015-02-17 15:06:40'),(1511,1,7,68,8,'begini_AC','begini','2015-02-17 15:06:40','2015-02-17 15:06:40'),(1512,1,7,68,38,'._.','.','2015-02-17 15:06:40','2015-02-17 15:06:40'),(1513,1,7,69,8,'Malah_AA','Malah','2015-02-17 15:06:40','2015-02-17 15:06:40'),(1514,1,7,69,39,',_,',',','2015-02-17 15:06:40','2015-02-17 15:06:40'),(1515,1,7,69,8,'seingat-ingat_AA','seingat-ingat','2015-02-17 15:06:41','2015-02-17 15:06:41'),(1516,1,7,69,33,'Seman_NK','Seman','2015-02-17 15:06:41','2015-02-17 15:06:41'),(1517,1,7,69,39,',_,',',','2015-02-17 15:06:41','2015-02-17 15:06:41'),(1518,1,7,69,32,'inilah_DA+E','inilah','2015-02-17 15:06:41','2015-02-17 15:06:41'),(1519,1,7,69,11,'pertama_#O','pertama','2015-02-17 15:06:41','2015-02-17 15:06:41'),(1520,1,7,69,1,'kali_NA','kali','2015-02-17 15:06:41','2015-02-17 15:06:41'),(1521,1,7,69,34,'mereka_GD','mereka','2015-02-17 15:06:41','2015-02-17 15:06:41'),(1522,1,7,69,2,'bertemu_KI','bertemu','2015-02-17 15:06:41','2015-02-17 15:06:41'),(1523,1,7,69,7,'selepas_HB','selepas','2015-02-17 15:06:41','2015-02-17 15:06:41'),(1524,1,7,69,1,'kematian_NA','kematian','2015-02-17 15:06:41','2015-02-17 15:06:41'),(1525,1,7,69,33,'Munah_NK','Munah','2015-02-17 15:06:41','2015-02-17 15:06:41'),(1526,1,7,69,39,',_,',',','2015-02-17 15:06:41','2015-02-17 15:06:41'),(1527,1,7,69,1,'isterinya_NA+$','isterinya','2015-02-17 15:06:41','2015-02-17 15:06:41'),(1528,1,7,69,7,'yang_HR','yang','2015-02-17 15:06:41','2015-02-17 15:06:41'),(1529,1,7,69,32,'juga_LA','juga','2015-02-17 15:06:41','2015-02-17 15:06:41'),(1530,1,7,69,1,'kakak_NA','kakak','2015-02-17 15:06:41','2015-02-17 15:06:41'),(1531,1,7,69,4,'kepada_IL','kepada','2015-02-17 15:06:41','2015-02-17 15:06:41'),(1532,1,7,69,33,'Besah_NK','Besah','2015-02-17 15:06:41','2015-02-17 15:06:41'),(1533,1,7,69,38,'._.','.','2015-02-17 15:06:42','2015-02-17 15:06:42'),(1534,1,7,70,7,'Setelah_HB','Setelah','2015-02-17 15:06:42','2015-02-17 15:06:42'),(1535,1,7,70,11,'tujuh_#K','tujuh','2015-02-17 15:06:42','2015-02-17 15:06:42'),(1536,1,7,70,1,'tahun_NW','tahun','2015-02-17 15:06:42','2015-02-17 15:06:42'),(1537,1,7,70,5,'lebih_PI','lebih','2015-02-17 15:06:42','2015-02-17 15:06:42'),(1538,1,7,70,5,'kurang_PI','kurang','2015-02-17 15:06:42','2015-02-17 15:06:42'),(1539,1,7,70,1,'isterinya_NA+$','isterinya','2015-02-17 15:06:42','2015-02-17 15:06:42'),(1540,1,7,70,2,'meninggal_KI','meninggal','2015-02-17 15:06:42','2015-02-17 15:06:42'),(1541,1,7,70,32,'barulah_SA+E','barulah','2015-02-17 15:06:42','2015-02-17 15:06:42'),(1542,1,7,70,1,'kali_NA','kali','2015-02-17 15:06:42','2015-02-17 15:06:42'),(1543,1,7,70,35,'ini_DA','ini','2015-02-17 15:06:42','2015-02-17 15:06:42'),(1544,1,7,70,34,'mereka_GD','mereka','2015-02-17 15:06:42','2015-02-17 15:06:42'),(1545,1,7,70,2,'berjumpa_KT','berjumpa','2015-02-17 15:06:42','2015-02-17 15:06:42'),(1546,1,7,70,8,'semula_AA','semula','2015-02-17 15:06:42','2015-02-17 15:06:42'),(1547,1,7,70,38,'._.','.','2015-02-17 15:06:42','2015-02-17 15:06:42'),(1548,1,7,71,7,'Semasa_HB','Semasa','2015-02-17 15:06:43','2015-02-17 15:06:43'),(1549,1,7,71,1,'kematian_NA','kematian','2015-02-17 15:06:43','2015-02-17 15:06:43'),(1550,1,7,71,33,'Munah_NK','Munah','2015-02-17 15:06:43','2015-02-17 15:06:43'),(1551,1,7,71,8,'dulu_AW','dulu','2015-02-17 15:06:43','2015-02-17 15:06:43'),(1552,1,7,71,39,',_,',',','2015-02-17 15:06:43','2015-02-17 15:06:43'),(1553,1,7,71,33,'Besah_NK','Besah','2015-02-17 15:06:43','2015-02-17 15:06:43'),(1554,1,7,71,7,'dan_HS','dan','2015-02-17 15:06:43','2015-02-17 15:06:43'),(1555,1,7,71,33,'Jusoh_NK','Jusoh','2015-02-17 15:06:43','2015-02-17 15:06:43'),(1556,1,7,71,18,'tidak_XA','tidak','2015-02-17 15:06:43','2015-02-17 15:06:43'),(1557,1,7,71,4,'di_IL','di','2015-02-17 15:06:43','2015-02-17 15:06:43'),(1558,1,7,71,33,'Singapura_NK','Singapura','2015-02-17 15:06:43','2015-02-17 15:06:43'),(1559,1,7,71,38,'._.','.','2015-02-17 15:06:43','2015-02-17 15:06:43'),(1560,1,7,72,34,'Mereka_GD','Mereka','2015-02-17 15:06:43','2015-02-17 15:06:43'),(1561,1,7,72,2,'pergi_KI','pergi','2015-02-17 15:06:43','2015-02-17 15:06:43'),(1562,1,7,72,2,'makan_KT','makan','2015-02-17 15:06:43','2015-02-17 15:06:43'),(1563,1,7,72,1,'angin_NA','angin','2015-02-17 15:06:44','2015-02-17 15:06:44'),(1564,1,7,72,4,'ke_IL','ke','2015-02-17 15:06:44','2015-02-17 15:06:44'),(1565,1,7,72,33,'Jepun_NK','Jepun','2015-02-17 15:06:44','2015-02-17 15:06:44'),(1566,1,7,72,38,'._.','.','2015-02-17 15:06:44','2015-02-17 15:06:44'),(1567,1,7,73,7,'Walaupun_HB','Walaupun','2015-02-17 15:06:44','2015-02-17 15:06:44'),(1568,1,7,73,1,'telegram_NA','telegram','2015-02-17 15:06:44','2015-02-17 15:06:44'),(1569,1,7,73,2,'dikirim_KP','dikirim','2015-02-17 15:06:44','2015-02-17 15:06:44'),(1570,1,7,73,4,'ke_IL','ke','2015-02-17 15:06:44','2015-02-17 15:06:44'),(1571,1,7,73,1,'rumah_NA','rumah','2015-02-17 15:06:44','2015-02-17 15:06:44'),(1572,1,7,73,34,'mereka_GD','mereka','2015-02-17 15:06:45','2015-02-17 15:06:45'),(1573,1,7,73,4,'di_IL','di','2015-02-17 15:06:45','2015-02-17 15:06:45'),(1574,1,7,73,33,'Singapura_NK','Singapura','2015-02-17 15:06:45','2015-02-17 15:06:45'),(1575,1,7,73,39,',_,',',','2015-02-17 15:06:45','2015-02-17 15:06:45'),(1576,1,7,73,7,'namun_HB','namun','2015-02-17 15:06:45','2015-02-17 15:06:45'),(1577,1,7,73,18,'tidak_XA','tidak','2015-02-17 15:06:45','2015-02-17 15:06:45'),(1578,1,7,73,32,'ada_KW','ada','2015-02-17 15:06:45','2015-02-17 15:06:45'),(1579,1,7,73,11,'sebarang_BK','sebarang','2015-02-17 15:06:45','2015-02-17 15:06:45'),(1580,1,7,73,1,'tindakan_NA','tindakan','2015-02-17 15:06:45','2015-02-17 15:06:45'),(1581,1,7,73,1,'susulan_NA','susulan','2015-02-17 15:06:45','2015-02-17 15:06:45'),(1582,1,7,73,4,'daripada_IA','daripada','2015-02-17 15:06:45','2015-02-17 15:06:45'),(1583,1,7,73,1,'anak_NA','anak','2015-02-17 15:06:46','2015-02-17 15:06:46'),(1584,1,7,73,1,'buah_NP','buah','2015-02-17 15:06:46','2015-02-17 15:06:46'),(1585,1,7,73,34,'mereka_GD','mereka','2015-02-17 15:06:46','2015-02-17 15:06:46'),(1586,1,7,73,4,'di_IL','di','2015-02-17 15:06:46','2015-02-17 15:06:46'),(1587,1,7,73,34,'sana_GL','sana','2015-02-17 15:06:46','2015-02-17 15:06:46'),(1588,1,7,73,38,'._.','.','2015-02-17 15:06:46','2015-02-17 15:06:46'),(1589,2,8,74,7,'Tapi_HS','Tapi','2015-02-17 15:19:11','2015-02-17 15:19:11'),(1590,2,8,74,1,'hasrat_NA','hasrat','2015-02-17 15:19:11','2015-02-17 15:19:11'),(1591,2,8,74,7,'dan_HS','dan','2015-02-17 15:19:11','2015-02-17 15:19:11'),(1592,2,8,74,1,'keinginan_NA','keinginan','2015-02-17 15:19:11','2015-02-17 15:19:11'),(1593,2,8,74,33,'Besah_NK','Besah','2015-02-17 15:19:11','2015-02-17 15:19:11'),(1594,2,8,74,18,'tidak_XA','tidak','2015-02-17 15:19:11','2015-02-17 15:19:11'),(1595,2,8,74,5,'boleh_PM','boleh','2015-02-17 15:19:11','2015-02-17 15:19:11'),(1596,2,8,74,2,'ditahan-tahan_KP','ditahan-tahan','2015-02-17 15:19:11','2015-02-17 15:19:11'),(1597,2,8,74,38,'._.','.','2015-02-17 15:19:11','2015-02-17 15:19:11'),(1598,2,8,75,18,'Tidak_XA','Tidak','2015-02-17 15:19:11','2015-02-17 15:19:11'),(1599,2,8,75,5,'boleh_PM','boleh','2015-02-17 15:19:12','2015-02-17 15:19:12'),(1600,2,8,75,2,'dibantah-bantah_KP','dibantah-bantah','2015-02-17 15:19:12','2015-02-17 15:19:12'),(1601,2,8,75,40,'!_!','!','2015-02-17 15:19:12','2015-02-17 15:19:12'),(1602,2,8,76,32,'Begitulah_DA+E','Begitulah','2015-02-17 15:19:12','2015-02-17 15:19:12'),(1603,2,8,76,1,'fiil_NA','fiil','2015-02-17 15:19:12','2015-02-17 15:19:12'),(1604,2,8,76,33,'Besah_NK','Besah','2015-02-17 15:19:12','2015-02-17 15:19:12'),(1605,2,8,76,38,'._.','.','2015-02-17 15:19:12','2015-02-17 15:19:12'),(1606,2,8,77,10,'Apa_TN','Apa','2015-02-17 15:19:12','2015-02-17 15:19:12'),(1607,2,8,77,7,'yang_HR','yang','2015-02-17 15:19:12','2015-02-17 15:19:12'),(1608,2,8,77,2,'diinginkan_KP','diinginkan','2015-02-17 15:19:12','2015-02-17 15:19:12'),(1609,2,8,77,18,'tidak_XA','tidak','2015-02-17 15:19:13','2015-02-17 15:19:13'),(1610,2,8,77,5,'boleh_PM','boleh','2015-02-17 15:19:13','2015-02-17 15:19:13'),(1611,2,8,77,2,'disekat-sekat_KP','disekat-sekat','2015-02-17 15:19:13','2015-02-17 15:19:13'),(1612,2,8,77,38,'._.','.','2015-02-17 15:19:13','2015-02-17 15:19:13'),(1613,2,8,78,2,'Diajak_KP','Diajak','2015-02-17 15:19:13','2015-02-17 15:19:13'),(1614,2,8,78,34,'mereka_GD','mereka','2015-02-17 15:19:13','2015-02-17 15:19:13'),(1615,2,8,78,2,'bermalam_KI','bermalam','2015-02-17 15:19:13','2015-02-17 15:19:13'),(1616,2,8,78,4,'di_IL','di','2015-02-17 15:19:13','2015-02-17 15:19:13'),(1617,2,8,78,1,'pondok_NA','pondok','2015-02-17 15:19:13','2015-02-17 15:19:13'),(1618,2,8,78,3,'buruknya_SA+$','buruknya','2015-02-17 15:19:13','2015-02-17 15:19:13'),(1619,2,8,78,32,'pun_LA','pun','2015-02-17 15:19:13','2015-02-17 15:19:13'),(1620,2,8,78,18,'tidak_XA','tidak','2015-02-17 15:19:13','2015-02-17 15:19:13'),(1621,2,8,78,2,'mahu_KK','mahu','2015-02-17 15:19:13','2015-02-17 15:19:13'),(1622,2,8,78,39,',_,',',','2015-02-17 15:19:13','2015-02-17 15:19:13'),(1623,2,8,78,33,'Besah_NK','Besah','2015-02-17 15:19:13','2015-02-17 15:19:13'),(1624,2,8,78,8,'terutamanya_AA','terutamanya','2015-02-17 15:19:13','2015-02-17 15:19:13'),(1625,2,8,78,38,'._.+$','.','2015-02-17 15:19:14','2015-02-17 15:19:14'),(1626,2,8,79,33,'Seman_NK','Seman','2015-02-17 15:19:14','2015-02-17 15:19:14'),(1627,2,8,79,2,'perasan_KC','perasan','2015-02-17 15:19:14','2015-02-17 15:19:14'),(1628,2,8,79,35,'itu_DA','itu','2015-02-17 15:19:14','2015-02-17 15:19:14'),(1629,2,8,79,38,'._.','.','2015-02-17 15:19:14','2015-02-17 15:19:14'),(1630,2,8,80,4,'Sejak_IA','Sejak','2015-02-17 15:19:14','2015-02-17 15:19:14'),(1631,2,8,80,8,'dulu-dulu_AW','dulu-dulu','2015-02-17 15:19:14','2015-02-17 15:19:14'),(1632,2,8,80,8,'lagi_AA','lagi','2015-02-17 15:19:14','2015-02-17 15:19:14'),(1633,2,8,80,1,'fiil_NA','fiil','2015-02-17 15:19:14','2015-02-17 15:19:14'),(1634,2,8,80,33,'Besah_NK','Besah','2015-02-17 15:19:14','2015-02-17 15:19:14'),(1635,2,8,80,8,'begitu_AC','begitu','2015-02-17 15:19:14','2015-02-17 15:19:14'),(1636,2,8,80,38,'._.','.','2015-02-17 15:19:14','2015-02-17 15:19:14'),(1637,2,8,81,18,'TIdak_XA','TIdak','2015-02-17 15:19:14','2015-02-17 15:19:14'),(1638,2,8,81,5,'pernah_PA','pernah','2015-02-17 15:19:15','2015-02-17 15:19:15'),(1639,2,8,81,2,'berubah-ubah_KI','berubah-ubah','2015-02-17 15:19:15','2015-02-17 15:19:15'),(1640,2,8,81,32,'sampailah_HB+E','sampailah','2015-02-17 15:19:15','2015-02-17 15:19:15'),(1641,2,8,81,4,'ke_IL','ke','2015-02-17 15:19:15','2015-02-17 15:19:15'),(1642,2,8,81,3,'tua_SA','tua','2015-02-17 15:19:15','2015-02-17 15:19:15'),(1643,2,8,81,38,'._.','.','2015-02-17 15:19:15','2015-02-17 15:19:15'),(1644,2,8,82,33,'Besah_NK','Besah','2015-02-17 15:19:15','2015-02-17 15:19:15'),(1645,2,8,82,5,'lebih_PI','lebih','2015-02-17 15:19:15','2015-02-17 15:19:15'),(1646,2,8,82,3,'senang_SA','senang','2015-02-17 15:19:15','2015-02-17 15:19:15'),(1647,2,8,82,2,'bermalam_KI','bermalam','2015-02-17 15:19:15','2015-02-17 15:19:15'),(1648,2,8,82,4,'di_IL','di','2015-02-17 15:19:16','2015-02-17 15:19:16'),(1649,2,8,82,1,'hotel_NA','hotel','2015-02-17 15:19:16','2015-02-17 15:19:16'),(1650,2,8,82,38,'._.','.','2015-02-17 15:19:16','2015-02-17 15:19:16'),(1651,2,8,83,3,'Selesa_SA','Selesa','2015-02-17 15:19:16','2015-02-17 15:19:16'),(1652,2,8,83,39,',_,',',','2015-02-17 15:19:16','2015-02-17 15:19:16'),(1653,2,8,83,2,'katanya_KT','katanya','2015-02-17 15:19:16','2015-02-17 15:19:16'),(1654,2,8,83,38,'._.+$','.','2015-02-17 15:19:16','2015-02-17 15:19:16'),(1655,2,8,84,18,'Tidak_XA','Tidak','2015-02-17 15:19:16','2015-02-17 15:19:16'),(1656,2,8,84,11,'banyak_BK','banyak','2015-02-17 15:19:17','2015-02-17 15:19:17'),(1657,2,8,84,1,'nyamuk_NA','nyamuk','2015-02-17 15:19:17','2015-02-17 15:19:17'),(1658,2,8,84,4,'macam_IA','macam','2015-02-17 15:19:17','2015-02-17 15:19:17'),(1659,2,8,84,4,'di_IL','di','2015-02-17 15:19:17','2015-02-17 15:19:17'),(1660,2,8,84,1,'rumah_NA','rumah','2015-02-17 15:19:17','2015-02-17 15:19:17'),(1661,2,8,84,33,'Seman_NK','Seman','2015-02-17 15:19:17','2015-02-17 15:19:17'),(1662,2,8,84,38,'._.','.','2015-02-17 15:19:17','2015-02-17 15:19:17'),(1663,2,8,85,4,'Di_IL','Di','2015-02-17 15:19:17','2015-02-17 15:19:17'),(1664,2,8,85,1,'hotel_NA','hotel','2015-02-17 15:19:17','2015-02-17 15:19:17'),(1665,2,8,85,18,'tidak_XA','tidak','2015-02-17 15:19:17','2015-02-17 15:19:17'),(1666,2,8,85,32,'ada_KW','ada','2015-02-17 15:19:17','2015-02-17 15:19:17'),(1667,2,8,85,1,'pijat-pijat_NA','pijat-pijat','2015-02-17 15:19:17','2015-02-17 15:19:17'),(1668,2,8,85,39,',_,',',','2015-02-17 15:19:17','2015-02-17 15:19:17'),(1669,2,8,85,18,'tidak_XA','tidak','2015-02-17 15:19:17','2015-02-17 15:19:17'),(1670,2,8,85,32,'ada_KW','ada','2015-02-17 15:19:17','2015-02-17 15:19:17'),(1671,2,8,85,1,'tikus_NA','tikus','2015-02-17 15:19:17','2015-02-17 15:19:17'),(1672,2,8,85,7,'yang_HR','yang','2015-02-17 15:19:17','2015-02-17 15:19:17'),(1673,2,8,85,2,'merayap_KI','merayap','2015-02-17 15:19:17','2015-02-17 15:19:17'),(1674,2,8,85,38,'._.','.','2015-02-17 15:19:18','2015-02-17 15:19:18'),(1675,2,8,86,33,'Seman_NK','Seman','2015-02-17 15:19:18','2015-02-17 15:19:18'),(1676,2,8,86,18,'tidak_XA','tidak','2015-02-17 15:19:18','2015-02-17 15:19:18'),(1677,2,8,86,2,'berkata_KC','berkata','2015-02-17 15:19:18','2015-02-17 15:19:18'),(1678,2,8,86,34,'apa-apa_GI','apa-apa','2015-02-17 15:19:18','2015-02-17 15:19:18'),(1679,2,8,86,38,'._.','.','2015-02-17 15:19:18','2015-02-17 15:19:18'),(1680,2,8,87,7,'Tapi_HS','Tapi','2015-02-17 15:19:18','2015-02-17 15:19:18'),(1681,2,8,87,1,'hati_NA','hati','2015-02-17 15:19:18','2015-02-17 15:19:18'),(1682,2,8,87,3,'tuanya_SA+$','tuanya','2015-02-17 15:19:18','2015-02-17 15:19:18'),(1683,2,8,87,2,'tersentuh_KT','tersentuh','2015-02-17 15:19:18','2015-02-17 15:19:18'),(1684,2,8,87,32,'juga_LA','juga','2015-02-17 15:19:18','2015-02-17 15:19:18'),(1685,2,8,87,38,'._.','.','2015-02-17 15:19:18','2015-02-17 15:19:18'),(1686,2,8,88,34,'Dia_GD','Dia','2015-02-17 15:19:18','2015-02-17 15:19:18'),(1687,2,8,88,18,'tidak_XA','tidak','2015-02-17 15:19:18','2015-02-17 15:19:18'),(1688,2,8,88,2,'mampu_KK','mampu','2015-02-17 15:19:18','2015-02-17 15:19:18'),(1689,2,8,88,2,'menghalang_KT','menghalang','2015-02-17 15:19:18','2015-02-17 15:19:18'),(1690,2,8,88,38,'._.','.','2015-02-17 15:19:18','2015-02-17 15:19:18'),(1691,2,8,89,35,'Itu_Da','Itu','2015-02-17 15:19:19','2015-02-17 15:19:19'),(1692,2,8,89,5,'sudah_PA','sudah','2015-02-17 15:19:19','2015-02-17 15:19:19'),(1693,2,8,89,1,'kehendak_NA','kehendak','2015-02-17 15:19:19','2015-02-17 15:19:19'),(1694,2,8,89,33,'Besah_NK','Besah','2015-02-17 15:19:19','2015-02-17 15:19:19'),(1695,2,8,89,34,'sendiri_GK','sendiri','2015-02-17 15:19:19','2015-02-17 15:19:19'),(1696,2,8,89,38,'._.','.','2015-02-17 15:19:19','2015-02-17 15:19:19'),(1697,2,8,90,34,'Dia_GD','Dia','2015-02-17 15:19:19','2015-02-17 15:19:19'),(1698,2,8,90,2,'sedar_KC','sedar','2015-02-17 15:19:19','2015-02-17 15:19:19'),(1699,2,8,90,1,'keadaan_NA','keadaan','2015-02-17 15:19:19','2015-02-17 15:19:19'),(1700,2,8,90,2,'hidupnya_KI+$','hidupnya','2015-02-17 15:19:19','2015-02-17 15:19:19'),(1701,2,8,90,7,'yang_HR','yang','2015-02-17 15:19:19','2015-02-17 15:19:19'),(1702,2,8,90,11,'serba_BK','serba','2015-02-17 15:19:20','2015-02-17 15:19:20'),(1703,2,8,90,3,'daif_SA','daif','2015-02-17 15:19:20','2015-02-17 15:19:20'),(1704,2,8,90,38,'._.','.','2015-02-17 15:19:20','2015-02-17 15:19:20'),(1705,2,8,91,3,'Gelisah_SA','Gelisah','2015-02-17 15:19:20','2015-02-17 15:19:20'),(1706,2,8,91,33,'Seman_NK','Seman','2015-02-17 15:19:20','2015-02-17 15:19:20'),(1707,2,8,91,5,'makin_PI','makin','2015-02-17 15:19:20','2015-02-17 15:19:20'),(1708,2,8,91,2,'menjadi_KH','menjadi','2015-02-17 15:19:20','2015-02-17 15:19:20'),(1709,2,8,91,38,'._.','.','2015-02-17 15:19:20','2015-02-17 15:19:20'),(1710,2,8,92,33,'Seman_NK','Seman','2015-02-17 15:19:20','2015-02-17 15:19:20'),(1711,2,8,92,2,'menarik_KT','menarik','2015-02-17 15:19:20','2015-02-17 15:19:20'),(1712,2,8,92,2,'naik_KT','naik','2015-02-17 15:19:20','2015-02-17 15:19:20'),(1713,2,8,92,1,'kain_NA','kain','2015-02-17 15:19:20','2015-02-17 15:19:20'),(1714,2,8,92,1,'pelikat_NA','pelikat','2015-02-17 15:19:20','2015-02-17 15:19:20'),(1715,2,8,92,3,'lusuhnya_SA+$','lusuhnya','2015-02-17 15:19:20','2015-02-17 15:19:20'),(1716,2,8,92,35,'itu_DA','itu','2015-02-17 15:19:20','2015-02-17 15:19:20'),(1717,2,8,92,7,'yang_HR','yang','2015-02-17 15:19:20','2015-02-17 15:19:20'),(1718,2,8,92,8,'beransur_AC','beransur','2015-02-17 15:19:20','2015-02-17 15:19:20'),(1719,2,8,92,2,'menggelongsor_KI','menggelongsor','2015-02-17 15:19:21','2015-02-17 15:19:21'),(1720,2,8,92,2,'turun_KI','turun','2015-02-17 15:19:21','2015-02-17 15:19:21'),(1721,2,8,92,38,'._.','.','2015-02-17 15:19:21','2015-02-17 15:19:21'),(1722,2,8,93,1,'Deru_NA','Deru','2015-02-17 15:19:21','2015-02-17 15:19:21'),(1723,2,8,93,1,'angin_NA','angin','2015-02-17 15:19:21','2015-02-17 15:19:21'),(1724,2,8,93,1,'malam_NW','malam','2015-02-17 15:19:21','2015-02-17 15:19:21'),(1725,2,8,93,2,'terasa_KH','terasa','2015-02-17 15:19:21','2015-02-17 15:19:21'),(1726,2,8,93,8,'begitu_AC','begitu','2015-02-17 15:19:21','2015-02-17 15:19:21'),(1727,2,8,93,2,'mencengkam_KT','mencengkam','2015-02-17 15:19:21','2015-02-17 15:19:21'),(1728,2,8,93,38,'._.','.','2015-02-17 15:19:21','2015-02-17 15:19:21'),(1729,2,8,94,3,'Dingin_SA','Dingin','2015-02-17 15:19:21','2015-02-17 15:19:21'),(1730,2,8,94,38,'._.','.','2015-02-17 15:19:21','2015-02-17 15:19:21'),(1731,2,8,95,2,'Menggigil_KI','Menggigil','2015-02-17 15:19:21','2015-02-17 15:19:21'),(1732,2,8,95,33,'Seman_NK','Seman','2015-02-17 15:19:21','2015-02-17 15:19:21'),(1733,2,8,95,2,'dibuatnya_KP','dibuatnya','2015-02-17 15:19:21','2015-02-17 15:19:21'),(1734,2,8,95,38,'._.+$','.','2015-02-17 15:19:21','2015-02-17 15:19:21'),(1735,2,8,96,8,'Tiba-tiba_AC','Tiba-tiba','2015-02-17 15:19:22','2015-02-17 15:19:22'),(1736,2,8,96,1,'wajah_NA','wajah','2015-02-17 15:19:22','2015-02-17 15:19:22'),(1737,2,8,96,33,'Anisah_NK','Anisah','2015-02-17 15:19:22','2015-02-17 15:19:22'),(1738,2,8,96,2,'bertandang_KA','bertandang','2015-02-17 15:19:22','2015-02-17 15:19:22'),(1739,2,8,96,8,'lagi_AA','lagi','2015-02-17 15:19:22','2015-02-17 15:19:22'),(1740,2,8,96,4,'di_IL','di','2015-02-17 15:19:22','2015-02-17 15:19:22'),(1741,2,8,96,1,'kamar_NA','kamar','2015-02-17 15:19:22','2015-02-17 15:19:22'),(1742,2,8,96,1,'ingatannya_NA','ingatannya','2015-02-17 15:19:22','2015-02-17 15:19:22'),(1743,2,8,96,38,'._.+$','.','2015-02-17 15:19:22','2015-02-17 15:19:22'),(1744,2,8,97,32,'Alangkah_ZS','Alangkah','2015-02-17 15:19:22','2015-02-17 15:19:22'),(1745,2,8,97,3,'bahaginya_SA+$','bahaginya','2015-02-17 15:19:22','2015-02-17 15:19:22'),(1746,2,8,97,7,'kalau_HB','kalau','2015-02-17 15:19:22','2015-02-17 15:19:22'),(1747,2,8,97,33,'Anisah_NK','Anisah','2015-02-17 15:19:22','2015-02-17 15:19:22'),(1748,2,8,97,32,'ada_KW','ada','2015-02-17 15:19:22','2015-02-17 15:19:22'),(1749,2,8,97,4,'di_IL','di','2015-02-17 15:19:22','2015-02-17 15:19:22'),(1750,2,8,97,4,'sisinya_IL','sisinya','2015-02-17 15:19:23','2015-02-17 15:19:23'),(1751,2,8,97,38,'._.+$','.','2015-02-17 15:19:23','2015-02-17 15:19:23'),(1752,2,8,98,32,'Ada_KW','Ada','2015-02-17 15:19:23','2015-02-17 15:19:23'),(1753,2,8,98,4,'di_IL','di','2015-02-17 15:19:23','2015-02-17 15:19:23'),(1754,2,8,98,1,'sampingnya_NA+$','sampingnya','2015-02-17 15:19:23','2015-02-17 15:19:23'),(1755,2,8,98,4,'pada_IA','pada','2015-02-17 15:19:23','2015-02-17 15:19:23'),(1756,2,8,98,1,'saat-saat_NA','saat-saat','2015-02-17 15:19:23','2015-02-17 15:19:23'),(1757,2,8,98,8,'begini_AC','begini','2015-02-17 15:19:23','2015-02-17 15:19:23'),(1758,2,8,98,38,'._.','.','2015-02-17 15:19:23','2015-02-17 15:19:23'),(1759,2,8,99,2,'Teringat_KS','Teringat','2015-02-17 15:19:23','2015-02-17 15:19:23'),(1760,2,8,99,33,'Seman_NK','Seman','2015-02-17 15:19:23','2015-02-17 15:19:23'),(1761,2,8,99,7,'apabila_HB','apabila','2015-02-17 15:19:23','2015-02-17 15:19:23'),(1762,2,8,99,2,'menjelang_KT','menjelang','2015-02-17 15:19:23','2015-02-17 15:19:23'),(1763,2,8,99,1,'waktu_NA','waktu','2015-02-17 15:19:24','2015-02-17 15:19:24'),(1764,2,8,99,1,'tengah_NL','tengah','2015-02-17 15:19:24','2015-02-17 15:19:24'),(1765,2,8,99,1,'malam_NW','malam','2015-02-17 15:19:24','2015-02-17 15:19:24'),(1766,2,8,99,8,'begini_AC','begini','2015-02-17 15:19:24','2015-02-17 15:19:24'),(1767,2,8,99,39,',_,',',','2015-02-17 15:19:24','2015-02-17 15:19:24'),(1768,2,8,99,7,'kalau_HB','kalau','2015-02-17 15:19:24','2015-02-17 15:19:24'),(1769,2,8,99,34,'dia_GD','dia','2015-02-17 15:19:24','2015-02-17 15:19:24'),(1770,2,8,99,18,'tidak_XA','tidak','2015-02-17 15:19:24','2015-02-17 15:19:24'),(1771,2,8,99,2,'turun_KI','turun','2015-02-17 15:19:25','2015-02-17 15:19:25'),(1772,2,8,99,4,'ke_IL','ke','2015-02-17 15:19:25','2015-02-17 15:19:25'),(1773,2,8,99,1,'laut_NA','laut','2015-02-17 15:19:25','2015-02-17 15:19:25'),(1774,2,8,99,39,',_,',',','2015-02-17 15:19:25','2015-02-17 15:19:25'),(1775,2,8,99,33,'Anisah_NK','Anisah','2015-02-17 15:19:25','2015-02-17 15:19:25'),(1776,2,8,99,5,'akan_PA','akan','2015-02-17 15:19:25','2015-02-17 15:19:25'),(1777,2,8,99,2,'menyediakan_KT','menyediakan','2015-02-17 15:19:25','2015-02-17 15:19:25'),(1778,2,8,99,1,'kopi_NA','kopi','2015-02-17 15:19:25','2015-02-17 15:19:25'),(1779,2,8,99,1,'o\'_NA','o\'','2015-02-17 15:19:25','2015-02-17 15:19:25'),(1780,2,8,99,3,'panas_SA','panas','2015-02-17 15:19:25','2015-02-17 15:19:25'),(1781,2,8,99,38,'._.','.','2015-02-17 15:19:25','2015-02-17 15:19:25'),(1782,2,8,100,3,'Sedap_SA','Sedap','2015-02-17 15:19:25','2015-02-17 15:19:25'),(1783,2,8,100,2,'rasanya_KI+$','rasanya','2015-02-17 15:19:25','2015-02-17 15:19:25'),(1784,2,8,100,1,'kopi_NA','kopi','2015-02-17 15:19:25','2015-02-17 15:19:25'),(1785,2,8,100,1,'o\'_NA','o\'','2015-02-17 15:19:26','2015-02-17 15:19:26'),(1786,2,8,100,7,'yang_HR','yang','2015-02-17 15:19:26','2015-02-17 15:19:26'),(1787,2,8,100,2,'dibancuh_KP','dibancuh','2015-02-17 15:19:26','2015-02-17 15:19:26'),(1788,2,8,100,4,'oleh_IA','oleh','2015-02-17 15:19:26','2015-02-17 15:19:26'),(1789,2,8,100,33,'Anisah_NK','Anisah','2015-02-17 15:19:26','2015-02-17 15:19:26'),(1790,2,8,100,39,',_,',',','2015-02-17 15:19:26','2015-02-17 15:19:26'),(1791,2,8,100,2,'mengalahkan_KT','mengalahkan','2015-02-17 15:19:26','2015-02-17 15:19:26'),(1792,2,8,100,1,'kopi_NA','kopi','2015-02-17 15:19:26','2015-02-17 15:19:26'),(1793,2,8,100,1,'o\'_NA','o\'','2015-02-17 15:19:26','2015-02-17 15:19:26'),(1794,2,8,100,1,'Pak_NG','Pak','2015-02-17 15:19:26','2015-02-17 15:19:26'),(1795,2,8,100,33,'Mak_NK','Mak','2015-02-17 15:19:26','2015-02-17 15:19:26'),(1796,2,8,100,7,'yang_HR','yang','2015-02-17 15:19:27','2015-02-17 15:19:27'),(1797,2,8,100,1,'kedainya_NA+$','kedainya','2015-02-17 15:19:27','2015-02-17 15:19:27'),(1798,2,8,100,2,'terletak_KS','terletak','2015-02-17 15:19:27','2015-02-17 15:19:27'),(1799,2,8,100,4,'di_IL','di','2015-02-17 15:19:27','2015-02-17 15:19:27'),(1800,2,8,100,1,'simpang_NA','simpang','2015-02-17 15:19:27','2015-02-17 15:19:27'),(1801,2,8,100,11,'tiga_#K','tiga','2015-02-17 15:19:27','2015-02-17 15:19:27'),(1802,2,8,100,1,'jalan_NA','jalan','2015-02-17 15:19:27','2015-02-17 15:19:27'),(1803,2,8,100,2,'menghala_KT','menghala','2015-02-17 15:19:27','2015-02-17 15:19:27'),(1804,2,8,100,4,'ke_IL','ke','2015-02-17 15:19:27','2015-02-17 15:19:27'),(1805,2,8,100,1,'kampungnya_NA','kampungnya','2015-02-17 15:19:27','2015-02-17 15:19:27'),(1806,2,8,100,39,',_,+$',',','2015-02-17 15:19:27','2015-02-17 15:19:27'),(1807,2,8,100,1,'Pulau_NA','Pulau','2015-02-17 15:19:27','2015-02-17 15:19:27'),(1808,2,8,100,3,'Besar_SA','Besar','2015-02-17 15:19:27','2015-02-17 15:19:27'),(1809,2,8,100,38,'._.','.','2015-02-17 15:19:27','2015-02-17 15:19:27'),(1810,2,8,101,18,'Tidak_XA','Tidak','2015-02-17 15:19:28','2015-02-17 15:19:28'),(1811,2,8,101,5,'cukup_PI','cukup','2015-02-17 15:19:28','2015-02-17 15:19:28'),(1812,2,8,101,1,'secawan_NS','secawan','2015-02-17 15:19:28','2015-02-17 15:19:28'),(1813,2,8,101,39,',_,',',','2015-02-17 15:19:28','2015-02-17 15:19:28'),(1814,2,8,101,11,'dua_#K','dua','2015-02-17 15:19:28','2015-02-17 15:19:28'),(1815,2,8,101,11,'tiga_#K','tiga','2015-02-17 15:19:28','2015-02-17 15:19:28'),(1816,2,8,101,1,'cawan_NA','cawan','2015-02-17 15:19:28','2015-02-17 15:19:28'),(1817,2,8,101,32,'pun_LA','pun','2015-02-17 15:19:28','2015-02-17 15:19:28'),(1818,2,8,101,5,'dapat_PM','dapat','2015-02-17 15:19:28','2015-02-17 15:19:28'),(1819,2,8,101,2,'dihabiskannya_KP','dihabiskannya','2015-02-17 15:19:28','2015-02-17 15:19:28'),(1820,2,8,101,38,'._.+$','.','2015-02-17 15:19:28','2015-02-17 15:19:28'),(3855,6,18,111,33,'Besah/KNK','Besah','2015-02-17 16:41:55','2015-02-17 16:41:55'),(3856,6,18,111,5,'lebih/KB','lebih','2015-02-17 16:41:56','2015-02-17 16:41:56'),(3857,6,18,111,2,'mementingkan/KK','mementingkan','2015-02-17 16:41:56','2015-02-17 16:41:56'),(3858,6,18,111,1,'diri/KN','diri','2015-02-17 16:41:56','2015-02-17 16:41:56'),(3859,6,18,111,34,'sendiri/KGN','sendiri','2015-02-17 16:41:56','2015-02-17 16:41:56'),(3860,6,18,111,38,'./.','.','2015-02-17 16:41:56','2015-02-17 16:41:56'),(3861,6,18,111,3,'Sama/ADJ','Sama','2015-02-17 16:41:56','2015-02-17 16:41:56'),(3862,6,18,111,32,'juga/NON','juga','2015-02-17 16:41:57','2015-02-17 16:41:57'),(3863,6,18,111,4,'seperti/KSN','seperti','2015-02-17 16:41:57','2015-02-17 16:41:57'),(3864,6,18,111,33,'Jusoh/KNK','Jusoh','2015-02-17 16:41:57','2015-02-17 16:41:57'),(3865,6,18,111,39,',/,',',','2015-02-17 16:41:57','2015-02-17 16:41:57'),(3866,6,18,111,1,'suami/KN','suami','2015-02-17 16:41:57','2015-02-17 16:41:57'),(3867,6,18,111,33,'Besah/KNK','Besah','2015-02-17 16:41:57','2015-02-17 16:41:57'),(3868,6,18,111,38,'./.','.','2015-02-17 16:41:57','2015-02-17 16:41:57'),(3869,6,18,111,11,'Masing-masing/KBIL','Masing-masing','2015-02-17 16:41:57','2015-02-17 16:41:57'),(3870,6,18,111,3,'keras/ADJ','keras','2015-02-17 16:41:57','2015-02-17 16:41:57'),(3871,6,18,111,1,'kepala/KN','kepala','2015-02-17 16:41:57','2015-02-17 16:41:57'),(3872,6,18,111,38,'./.','.','2015-02-17 16:41:57','2015-02-17 16:41:57'),(3873,6,18,111,8,'Langsung/ADV','Langsung','2015-02-17 16:41:57','2015-02-17 16:41:57'),(3874,6,18,111,18,'tidak/KNF','tidak','2015-02-17 16:41:58','2015-02-17 16:41:58'),(3875,6,18,111,2,'mahu/KK','mahu','2015-02-17 16:41:58','2015-02-17 16:41:58'),(3876,6,18,111,2,'berunding/KK','berunding','2015-02-17 16:41:58','2015-02-17 16:41:58'),(3877,6,18,111,1,'secara/KN','secara','2015-02-17 16:41:58','2015-02-17 16:41:58'),(3878,6,18,111,3,'damai/ADJ','damai','2015-02-17 16:41:58','2015-02-17 16:41:58'),(3879,6,18,111,38,'./.','.','2015-02-17 16:41:58','2015-02-17 16:41:58'),(3880,6,18,111,18,'Tidak/KNF','Tidak','2015-02-17 16:41:58','2015-02-17 16:41:58'),(3881,6,18,111,2,'mahu/KK','mahu','2015-02-17 16:41:58','2015-02-17 16:41:58'),(3882,6,18,111,2,'berunding/KK','berunding','2015-02-17 16:41:58','2015-02-17 16:41:58'),(3883,6,18,111,39,',/,',',','2015-02-17 16:41:58','2015-02-17 16:41:58'),(3884,6,18,111,2,'berkira/KK','berkira','2015-02-17 16:41:58','2015-02-17 16:41:58'),(3885,6,18,111,1,'bicara/KN','bicara','2015-02-17 16:41:59','2015-02-17 16:41:59'),(3886,6,18,111,1,'secara/KN','secara','2015-02-17 16:41:59','2015-02-17 16:41:59'),(3887,6,18,111,1,'adik/KN','adik','2015-02-17 16:41:59','2015-02-17 16:41:59'),(3888,6,18,111,2,'beradik/KK','beradik','2015-02-17 16:41:59','2015-02-17 16:41:59'),(3889,6,18,111,38,'./.','.','2015-02-17 16:41:59','2015-02-17 16:41:59'),(3890,6,18,111,8,'Cuma/ADV','Cuma','2015-02-17 16:41:59','2015-02-17 16:41:59'),(3891,6,18,111,1,'bezanya/KN','bezanya','2015-02-17 16:41:59','2015-02-17 16:41:59'),(3892,6,18,111,39,',/,+$',',','2015-02-17 16:41:59','2015-02-17 16:41:59'),(3893,6,18,111,33,'Jusoh/KNK','Jusoh','2015-02-17 16:41:59','2015-02-17 16:41:59'),(3894,6,18,111,5,'agak/KB','agak','2015-02-17 16:41:59','2015-02-17 16:41:59'),(3895,6,18,111,3,'pendiam/ADJ','pendiam','2015-02-17 16:41:59','2015-02-17 16:41:59'),(3896,6,18,111,38,'./.','.','2015-02-17 16:41:59','2015-02-17 16:41:59'),(3897,6,18,111,18,'Tidak/KNF','Tidak','2015-02-17 16:41:59','2015-02-17 16:41:59'),(3898,6,18,111,3,'becok/ADJ','becok','2015-02-17 16:41:59','2015-02-17 16:41:59'),(3899,6,18,111,4,'seperti/KSN','seperti','2015-02-17 16:41:59','2015-02-17 16:41:59'),(3900,6,18,111,1,'mulut/KN','mulut','2015-02-17 16:41:59','2015-02-17 16:41:59'),(3901,6,18,111,33,'Besah/KNK','Besah','2015-02-17 16:41:59','2015-02-17 16:41:59'),(3902,6,18,111,7,'yang/KH','yang','2015-02-17 16:41:59','2015-02-17 16:41:59'),(3903,6,18,111,1,'cakapnya/KN','cakapnya','2015-02-17 16:42:00','2015-02-17 16:42:00'),(3904,6,18,111,8,'sering/ADV','sering','2015-02-17 16:42:00','2015-02-17 16:42:00'),(3905,6,18,111,18,'tidak/KNF','tidak','2015-02-17 16:42:00','2015-02-17 16:42:00'),(3906,6,18,111,2,'berlapik/KK','berlapik','2015-02-17 16:42:00','2015-02-17 16:42:00'),(3907,6,18,111,38,'./.','.','2015-02-17 16:42:00','2015-02-17 16:42:00'),(3908,6,18,111,4,'Macam/KSN','Macam','2015-02-17 16:42:00','2015-02-17 16:42:00'),(3909,6,18,111,1,'murai/KN','murai','2015-02-17 16:42:00','2015-02-17 16:42:00'),(3910,6,18,111,7,'yang/KH','yang','2015-02-17 16:42:00','2015-02-17 16:42:00'),(3911,6,18,111,2,'dicabut/KK','dicabut','2015-02-17 16:42:00','2015-02-17 16:42:00'),(3912,6,18,111,1,'ekornya/KN','ekornya','2015-02-17 16:42:00','2015-02-17 16:42:00'),(3913,6,18,111,39,',/,+$',',','2015-02-17 16:42:00','2015-02-17 16:42:00'),(3914,6,18,111,11,'dua/KBIL','dua','2015-02-17 16:42:00','2015-02-17 16:42:00'),(3915,6,18,111,11,'puluh/KBIL','puluh','2015-02-17 16:42:00','2015-02-17 16:42:00'),(3916,6,18,111,11,'empat/KBIL','empat','2015-02-17 16:42:01','2015-02-17 16:42:01'),(3917,6,18,111,1,'jam/KN','jam','2015-02-17 16:42:01','2015-02-17 16:42:01'),(3918,6,18,111,2,'berdecit/KK','berdecit','2015-02-17 16:42:01','2015-02-17 16:42:01'),(3919,6,18,111,3,'bising/ADJ','bising','2015-02-17 16:42:01','2015-02-17 16:42:01'),(3920,6,18,111,38,'./.','.','2015-02-17 16:42:01','2015-02-17 16:42:01'),(3921,6,18,111,7,'Tapi/KH','Tapi','2015-02-17 16:42:01','2015-02-17 16:42:01'),(3922,6,18,111,33,'Jusoh/KNK','Jusoh','2015-02-17 16:42:01','2015-02-17 16:42:01'),(3923,6,18,111,5,'masih/KB','masih','2015-02-17 16:42:01','2015-02-17 16:42:01'),(3924,6,18,111,5,'boleh/KB','boleh','2015-02-17 16:42:01','2015-02-17 16:42:01'),(3925,6,18,111,2,'diajak/KK','diajak','2015-02-17 16:42:01','2015-02-17 16:42:01'),(3926,6,18,111,1,'kira/KN','kira','2015-02-17 16:42:01','2015-02-17 16:42:01'),(3927,6,18,111,1,'bicara/KN','bicara','2015-02-17 16:42:01','2015-02-17 16:42:01'),(3928,6,18,111,38,'./.','.','2015-02-17 16:42:01','2015-02-17 16:42:01'),(3929,6,18,111,5,'Masih/KB','Masih','2015-02-17 16:42:01','2015-02-17 16:42:01'),(3930,6,18,111,5,'boleh/KB','boleh','2015-02-17 16:42:01','2015-02-17 16:42:01'),(3931,6,18,111,2,'dibawa/KK','dibawa','2015-02-17 16:42:02','2015-02-17 16:42:02'),(3932,6,18,111,2,'berunding/KK','berunding','2015-02-17 16:42:02','2015-02-17 16:42:02'),(3933,6,18,111,38,'./.','.','2015-02-17 16:42:02','2015-02-17 16:42:02'),(3934,6,18,111,7,'Tapi/KH','Tapi','2015-02-17 16:42:02','2015-02-17 16:42:02'),(3935,6,18,111,5,'masih/KB','masih','2015-02-17 16:42:02','2015-02-17 16:42:02'),(3936,6,18,111,32,'juga/NON','juga','2015-02-17 16:42:02','2015-02-17 16:42:02'),(3937,6,18,111,2,'mengikut/KK','mengikut','2015-02-17 16:42:02','2015-02-17 16:42:02'),(3938,6,18,111,1,'telunjuk/KN','telunjuk','2015-02-17 16:42:02','2015-02-17 16:42:02'),(3939,6,18,111,1,'isteri/KN','isteri','2015-02-17 16:42:02','2015-02-17 16:42:02'),(3940,6,18,111,38,'./.','.','2015-02-17 16:42:02','2015-02-17 16:42:02'),(3941,6,18,111,5,'Masih/KB','Masih','2015-02-17 16:42:02','2015-02-17 16:42:02'),(3942,6,18,111,2,'dikontrol/KK','dikontrol','2015-02-17 16:42:03','2015-02-17 16:42:03'),(3943,6,18,111,4,'oleh/KSN','oleh','2015-02-17 16:42:03','2015-02-17 16:42:03'),(3944,6,18,111,33,'Besah/KNK','Besah','2015-02-17 16:42:03','2015-02-17 16:42:03'),(3945,6,18,111,38,'./.','.','2015-02-17 16:42:03','2015-02-17 16:42:03'),(3946,6,18,111,8,'Langsung/ADV','Langsung','2015-02-17 16:42:03','2015-02-17 16:42:03'),(3947,6,18,111,33,'Jusoh/KNK','Jusoh','2015-02-17 16:42:03','2015-02-17 16:42:03'),(3948,6,18,111,18,'tidak/KNF','tidak','2015-02-17 16:42:03','2015-02-17 16:42:03'),(3949,6,18,111,3,'berani/ADJ','berani','2015-02-17 16:42:03','2015-02-17 16:42:03'),(3950,6,18,111,2,'membantah/KK','membantah','2015-02-17 16:42:03','2015-02-17 16:42:03'),(3951,6,18,111,38,'./.','.','2015-02-17 16:42:03','2015-02-17 16:42:03'),(3952,6,18,111,18,'Tidak/KNF','Tidak','2015-02-17 16:42:03','2015-02-17 16:42:03'),(3953,6,18,111,2,'tahu/KK','tahu','2015-02-17 16:42:03','2015-02-17 16:42:03'),(3954,6,18,111,2,'memprotes/KK','memprotes','2015-02-17 16:42:03','2015-02-17 16:42:03'),(3955,6,18,111,38,'./.','.','2015-02-17 16:42:03','2015-02-17 16:42:03'),(3956,6,18,111,32,'\"/NON','\"','2015-02-17 16:42:03','2015-02-17 16:42:03'),(3957,6,18,111,34,'Kami/KGN','Kami','2015-02-17 16:42:04','2015-02-17 16:42:03'),(3958,6,18,111,2,'datang/KK','datang','2015-02-17 16:42:04','2015-02-17 16:42:04'),(3959,6,18,111,35,'ni/KGT','ni','2015-02-17 16:42:04','2015-02-17 16:42:04'),(3960,6,18,111,32,'ada/NON','ada','2015-02-17 16:42:04','2015-02-17 16:42:04'),(3961,6,18,111,1,'hajat/KN','hajat','2015-02-17 16:42:04','2015-02-17 16:42:04'),(3962,6,18,111,39,',/,',',','2015-02-17 16:42:04','2015-02-17 16:42:04'),(3963,6,18,111,1,'Abang/KN','Abang','2015-02-17 16:42:04','2015-02-17 16:42:04'),(3964,6,18,111,32,'Long,\"/NON_NK','Long,\"_NK','2015-02-17 16:42:04','2015-02-17 16:42:04'),(3965,6,18,111,33,'Besah/KNK','Besah','2015-02-17 16:42:04','2015-02-17 16:42:04'),(3966,6,18,111,2,'memulakan/KK','memulakan','2015-02-17 16:42:04','2015-02-17 16:42:04'),(3967,6,18,111,1,'bicara/KN','bicara','2015-02-17 16:42:04','2015-02-17 16:42:04'),(3968,6,18,111,3,'sebaik/ADJ','sebaik','2015-02-17 16:42:04','2015-02-17 16:42:04'),(3969,6,18,111,32,'saja/NON','saja','2015-02-17 16:42:04','2015-02-17 16:42:04'),(3970,6,18,111,2,'bersimpuh/KK','bersimpuh','2015-02-17 16:42:04','2015-02-17 16:42:04'),(3971,6,18,111,4,'di/KSN','di','2015-02-17 16:42:04','2015-02-17 16:42:04'),(3972,6,18,111,1,'ruang/KN','ruang','2015-02-17 16:42:04','2015-02-17 16:42:04'),(3973,6,18,111,1,'tamu/KN','tamu','2015-02-17 16:42:05','2015-02-17 16:42:05'),(3974,6,18,111,7,'yang/KH','yang','2015-02-17 16:42:05','2015-02-17 16:42:05'),(3975,6,18,111,18,'tidak/KNF','tidak','2015-02-17 16:42:05','2015-02-17 16:42:05'),(3976,6,18,111,3,'seluas/ADJ','seluas','2015-02-17 16:42:05','2015-02-17 16:42:05'),(3977,6,18,111,10,'mana/KT','mana','2015-02-17 16:42:05','2015-02-17 16:42:05'),(3978,6,18,111,38,'./.','.','2015-02-17 16:42:05','2015-02-17 16:42:05'),(3979,6,18,111,33,'Seman/KNK','Seman','2015-02-17 16:42:05','2015-02-17 16:42:05'),(3980,6,18,111,4,'pada/KSN','pada','2015-02-17 16:42:05','2015-02-17 16:42:05'),(3981,6,18,111,1,'mulanya/KN','mulanya','2015-02-17 16:42:05','2015-02-17 16:42:05'),(3982,6,18,111,5,'terlalu/KB','terlalu','2015-02-17 16:42:05','2015-02-17 16:42:05'),(3983,6,18,111,3,'gembira/ADJ','gembira','2015-02-17 16:42:05','2015-02-17 16:42:05'),(3984,6,18,111,2,'menyambut/KK','menyambut','2015-02-17 16:42:05','2015-02-17 16:42:05'),(3985,6,18,111,1,'kedatangan/KN','kedatangan','2015-02-17 16:42:05','2015-02-17 16:42:05'),(3986,6,18,111,33,'Besah/KNK','Besah','2015-02-17 16:42:05','2015-02-17 16:42:05'),(3987,6,18,111,7,'dan/KH','dan','2015-02-17 16:42:05','2015-02-17 16:42:05'),(3988,6,18,111,33,'Jusoh/KNK','Jusoh','2015-02-17 16:42:05','2015-02-17 16:42:05'),(3989,6,18,111,38,'./.','.','2015-02-17 16:42:05','2015-02-17 16:42:05'),(3990,6,18,111,32,'Maklumlah/NON','Maklumlah','2015-02-17 16:42:05','2015-02-17 16:42:05'),(3991,6,18,111,34,'mereka/KGN','mereka','2015-02-17 16:42:06','2015-02-17 16:42:06'),(3992,6,18,111,5,'sudah/KB','sudah','2015-02-17 16:42:06','2015-02-17 16:42:06'),(3993,6,18,111,5,'terlalu/KB','terlalu','2015-02-17 16:42:06','2015-02-17 16:42:06'),(3994,6,18,111,3,'lama/ADJ','lama','2015-02-17 16:42:06','2015-02-17 16:42:06'),(3995,6,18,111,18,'tidak/KNF','tidak','2015-02-17 16:42:06','2015-02-17 16:42:06'),(3996,6,18,111,2,'bertemu/KK','bertemu','2015-02-17 16:42:06','2015-02-17 16:42:06'),(3997,6,18,111,38,'./.','.','2015-02-17 16:42:06','2015-02-17 16:42:06'),(3998,6,18,111,18,'Bukan/KNF','Bukan','2015-02-17 16:42:06','2015-02-17 16:42:06'),(3999,6,18,111,3,'senang/ADJ','senang','2015-02-17 16:42:06','2015-02-17 16:42:06'),(4000,6,18,111,4,'untuk/KSN','untuk','2015-02-17 16:42:06','2015-02-17 16:42:06'),(4001,6,18,111,8,'selalu/ADV','selalu','2015-02-17 16:42:06','2015-02-17 16:42:06'),(4002,6,18,111,4,'bersama/KSN','bersama','2015-02-17 16:42:06','2015-02-17 16:42:06'),(4003,6,18,111,8,'begini/ADV','begini','2015-02-17 16:42:06','2015-02-17 16:42:06'),(4004,6,18,111,38,'./.','.','2015-02-17 16:42:06','2015-02-17 16:42:06'),(4005,6,18,111,8,'Malah/ADV','Malah','2015-02-17 16:42:06','2015-02-17 16:42:06'),(4006,6,18,111,39,',/,',',','2015-02-17 16:42:07','2015-02-17 16:42:07'),(4007,6,18,111,8,'seingat-ingat/ADV','seingat-ingat','2015-02-17 16:42:07','2015-02-17 16:42:07'),(4008,6,18,111,33,'Seman/KNK','Seman','2015-02-17 16:42:07','2015-02-17 16:42:07'),(4009,6,18,111,39,',/,',',','2015-02-17 16:42:07','2015-02-17 16:42:07'),(4010,6,18,111,32,'inilah/NON','inilah','2015-02-17 16:42:07','2015-02-17 16:42:07'),(4011,6,18,111,11,'pertama/KBIL','pertama','2015-02-17 16:42:07','2015-02-17 16:42:07'),(4012,6,18,111,1,'kali/KN','kali','2015-02-17 16:42:07','2015-02-17 16:42:07'),(4013,6,18,111,34,'mereka/KGN','mereka','2015-02-17 16:42:07','2015-02-17 16:42:07'),(4014,6,18,111,2,'bertemu/KK','bertemu','2015-02-17 16:42:07','2015-02-17 16:42:07'),(4015,6,18,111,7,'selepas/KH','selepas','2015-02-17 16:42:07','2015-02-17 16:42:07'),(4016,6,18,111,1,'kematian/KN','kematian','2015-02-17 16:42:07','2015-02-17 16:42:07'),(4017,6,18,111,33,'Munah/KNK','Munah','2015-02-17 16:42:07','2015-02-17 16:42:07'),(4018,6,18,111,39,',/,',',','2015-02-17 16:42:07','2015-02-17 16:42:07'),(4019,6,18,111,1,'isterinya/KN','isterinya','2015-02-17 16:42:07','2015-02-17 16:42:07'),(4020,6,18,111,7,'yang/KH','yang','2015-02-17 16:42:07','2015-02-17 16:42:07'),(4021,6,18,111,32,'juga/NON','juga','2015-02-17 16:42:07','2015-02-17 16:42:07'),(4022,6,18,111,1,'kakak/KN','kakak','2015-02-17 16:42:07','2015-02-17 16:42:07'),(4023,6,18,111,4,'kepada/KSN','kepada','2015-02-17 16:42:07','2015-02-17 16:42:07'),(4024,6,18,111,33,'Besah/KNK','Besah','2015-02-17 16:42:07','2015-02-17 16:42:07'),(4025,6,18,111,38,'./.','.','2015-02-17 16:42:08','2015-02-17 16:42:08'),(4026,6,18,111,7,'Setelah/KH','Setelah','2015-02-17 16:42:08','2015-02-17 16:42:08'),(4027,6,18,111,11,'tujuh/KBIL','tujuh','2015-02-17 16:42:08','2015-02-17 16:42:08'),(4028,6,18,111,1,'tahun/KN','tahun','2015-02-17 16:42:08','2015-02-17 16:42:08'),(4029,6,18,111,5,'lebih/KB','lebih','2015-02-17 16:42:08','2015-02-17 16:42:08'),(4030,6,18,111,5,'kurang/KB','kurang','2015-02-17 16:42:08','2015-02-17 16:42:08'),(4031,6,18,111,1,'isterinya/KN','isterinya','2015-02-17 16:42:08','2015-02-17 16:42:08'),(4032,6,18,111,2,'meninggal/KK','meninggal','2015-02-17 16:42:08','2015-02-17 16:42:08'),(4033,6,18,111,32,'barulah/NON','barulah','2015-02-17 16:42:08','2015-02-17 16:42:08'),(4034,6,18,111,1,'kali/KN','kali','2015-02-17 16:42:08','2015-02-17 16:42:08'),(4035,6,18,111,35,'ini/KGT','ini','2015-02-17 16:42:08','2015-02-17 16:42:08'),(4036,6,18,111,34,'mereka/KGN','mereka','2015-02-17 16:42:08','2015-02-17 16:42:08'),(4037,6,18,111,2,'berjumpa/KK','berjumpa','2015-02-17 16:42:09','2015-02-17 16:42:09'),(4038,6,18,111,8,'semula/ADV','semula','2015-02-17 16:42:09','2015-02-17 16:42:09'),(4039,6,18,111,38,'./.','.','2015-02-17 16:42:09','2015-02-17 16:42:09'),(4040,6,18,111,7,'Semasa/KH','Semasa','2015-02-17 16:42:09','2015-02-17 16:42:09'),(4041,6,18,111,1,'kematian/KN','kematian','2015-02-17 16:42:09','2015-02-17 16:42:09'),(4042,6,18,111,33,'Munah/KNK','Munah','2015-02-17 16:42:09','2015-02-17 16:42:09'),(4043,6,18,111,8,'dulu/ADV','dulu','2015-02-17 16:42:09','2015-02-17 16:42:09'),(4044,6,18,111,39,',/,',',','2015-02-17 16:42:09','2015-02-17 16:42:09'),(4045,6,18,111,33,'Besah/KNK','Besah','2015-02-17 16:42:09','2015-02-17 16:42:09'),(4046,6,18,111,7,'dan/KH','dan','2015-02-17 16:42:09','2015-02-17 16:42:09'),(4047,6,18,111,33,'Jusoh/KNK','Jusoh','2015-02-17 16:42:09','2015-02-17 16:42:09'),(4048,6,18,111,18,'tidak/KNF','tidak','2015-02-17 16:42:09','2015-02-17 16:42:09'),(4049,6,18,111,4,'di/KSN','di','2015-02-17 16:42:09','2015-02-17 16:42:09'),(4050,6,18,111,33,'Singapura/KNK','Singapura','2015-02-17 16:42:09','2015-02-17 16:42:09'),(4051,6,18,111,38,'./.','.','2015-02-17 16:42:09','2015-02-17 16:42:09'),(4052,6,18,111,34,'Mereka/KGN','Mereka','2015-02-17 16:42:09','2015-02-17 16:42:09'),(4053,6,18,111,2,'pergi/KK','pergi','2015-02-17 16:42:10','2015-02-17 16:42:10'),(4054,6,18,111,2,'makan/KK','makan','2015-02-17 16:42:10','2015-02-17 16:42:10'),(4055,6,18,111,1,'angin/KN','angin','2015-02-17 16:42:10','2015-02-17 16:42:10'),(4056,6,18,111,4,'ke/KSN','ke','2015-02-17 16:42:10','2015-02-17 16:42:10'),(4057,6,18,111,33,'Jepun/KNK','Jepun','2015-02-17 16:42:10','2015-02-17 16:42:10'),(4058,6,18,111,38,'./.','.','2015-02-17 16:42:10','2015-02-17 16:42:10'),(4059,6,18,111,7,'Walaupun/KH','Walaupun','2015-02-17 16:42:10','2015-02-17 16:42:10'),(4060,6,18,111,1,'telegram/KN','telegram','2015-02-17 16:42:10','2015-02-17 16:42:10'),(4061,6,18,111,2,'dikirim/KK','dikirim','2015-02-17 16:42:10','2015-02-17 16:42:10'),(4062,6,18,111,4,'ke/KSN','ke','2015-02-17 16:42:10','2015-02-17 16:42:10'),(4063,6,18,111,1,'rumah/KN','rumah','2015-02-17 16:42:10','2015-02-17 16:42:10'),(4064,6,18,111,34,'mereka/KGN','mereka','2015-02-17 16:42:10','2015-02-17 16:42:10'),(4065,6,18,111,4,'di/KSN','di','2015-02-17 16:42:11','2015-02-17 16:42:11'),(4066,6,18,111,33,'Singapura/KNK','Singapura','2015-02-17 16:42:11','2015-02-17 16:42:11'),(4067,6,18,111,39,',/,',',','2015-02-17 16:42:11','2015-02-17 16:42:11'),(4068,6,18,111,7,'namun/KH','namun','2015-02-17 16:42:11','2015-02-17 16:42:11'),(4069,6,18,111,18,'tidak/KNF','tidak','2015-02-17 16:42:11','2015-02-17 16:42:11'),(4070,6,18,111,32,'ada/NON','ada','2015-02-17 16:42:11','2015-02-17 16:42:11'),(4071,6,18,111,11,'sebarang/KBIL','sebarang','2015-02-17 16:42:11','2015-02-17 16:42:11'),(4072,6,18,111,1,'tindakan/KN','tindakan','2015-02-17 16:42:11','2015-02-17 16:42:11'),(4073,6,18,111,1,'susulan/KN','susulan','2015-02-17 16:42:11','2015-02-17 16:42:11'),(4074,6,18,111,4,'daripada/KSN','daripada','2015-02-17 16:42:11','2015-02-17 16:42:11'),(4075,6,18,111,1,'anak/KN','anak','2015-02-17 16:42:11','2015-02-17 16:42:11'),(4076,6,18,111,1,'buah/KN','buah','2015-02-17 16:42:11','2015-02-17 16:42:11'),(4077,6,18,111,34,'mereka/KGN','mereka','2015-02-17 16:42:11','2015-02-17 16:42:11'),(4078,6,18,111,4,'di/KSN','di','2015-02-17 16:42:11','2015-02-17 16:42:11'),(4079,6,18,111,34,'sana/KGN','sana','2015-02-17 16:42:11','2015-02-17 16:42:11'),(4080,6,18,111,38,'./.','.','2015-02-17 16:42:11','2015-02-17 16:42:11'),(4081,7,19,112,33,'Besah','Besah','2015-02-17 16:45:57','2015-02-17 16:45:57'),(4082,7,19,112,5,'lebih','lebih','2015-02-17 16:45:57','2015-02-17 16:45:57'),(4083,7,19,112,2,'mementingkan','mementingkan','2015-02-17 16:45:57','2015-02-17 16:45:57'),(4084,7,19,112,1,'diri','diri','2015-02-17 16:45:57','2015-02-17 16:45:57'),(4085,7,19,112,34,'sendiri','sendiri','2015-02-17 16:45:57','2015-02-17 16:45:57'),(4086,7,19,113,3,'Sama','Sama','2015-02-17 16:45:58','2015-02-17 16:45:58'),(4087,7,19,113,32,'juga','juga','2015-02-17 16:45:58','2015-02-17 16:45:58'),(4088,7,19,113,4,'seperti','seperti','2015-02-17 16:45:58','2015-02-17 16:45:58'),(4089,7,19,113,33,'Jusoh','Jusoh','2015-02-17 16:45:58','2015-02-17 16:45:58'),(4090,7,19,113,1,'suami','suami','2015-02-17 16:45:58','2015-02-17 16:45:58'),(4091,7,19,113,33,'Besah','Besah','2015-02-17 16:45:58','2015-02-17 16:45:58'),(4092,7,19,114,11,'Masing-masing','Masing-masing','2015-02-17 16:45:58','2015-02-17 16:45:58'),(4093,7,19,114,3,'keras','keras','2015-02-17 16:45:58','2015-02-17 16:45:58'),(4094,7,19,114,1,'kepala','kepala','2015-02-17 16:45:58','2015-02-17 16:45:58'),(4095,7,19,115,8,'Langsung','Langsung','2015-02-17 16:45:58','2015-02-17 16:45:58'),(4096,7,19,115,18,'tidak','tidak','2015-02-17 16:45:58','2015-02-17 16:45:58'),(4097,7,19,115,2,'mahu','mahu','2015-02-17 16:45:58','2015-02-17 16:45:58'),(4098,7,19,115,2,'berunding','berunding','2015-02-17 16:45:58','2015-02-17 16:45:58'),(4099,7,19,115,1,'secara','secara','2015-02-17 16:45:58','2015-02-17 16:45:58'),(4100,7,19,115,3,'damai','damai','2015-02-17 16:45:59','2015-02-17 16:45:59'),(4101,7,19,116,18,'Tidak','Tidak','2015-02-17 16:45:59','2015-02-17 16:45:59'),(4102,7,19,116,2,'mahu','mahu','2015-02-17 16:45:59','2015-02-17 16:45:59'),(4103,7,19,116,2,'berunding','berunding','2015-02-17 16:45:59','2015-02-17 16:45:59'),(4104,7,19,116,2,'berkira','berkira','2015-02-17 16:45:59','2015-02-17 16:45:59'),(4105,7,19,116,1,'bicara','bicara','2015-02-17 16:45:59','2015-02-17 16:45:59'),(4106,7,19,116,1,'secara','secara','2015-02-17 16:45:59','2015-02-17 16:45:59'),(4107,7,19,116,1,'adik','adik','2015-02-17 16:45:59','2015-02-17 16:45:59'),(4108,7,19,116,2,'beradik','beradik','2015-02-17 16:45:59','2015-02-17 16:45:59'),(4109,7,19,117,8,'Cuma','Cuma','2015-02-17 16:45:59','2015-02-17 16:45:59'),(4110,7,19,117,1,'bezanya','bezanya','2015-02-17 16:45:59','2015-02-17 16:45:59'),(4111,7,19,117,33,'Jusoh','Jusoh','2015-02-17 16:45:59','2015-02-17 16:45:59'),(4112,7,19,117,5,'agak','agak','2015-02-17 16:45:59','2015-02-17 16:45:59'),(4113,7,19,117,3,'pendiam','pendiam','2015-02-17 16:45:59','2015-02-17 16:45:59'),(4114,7,19,118,18,'Tidak','Tidak','2015-02-17 16:46:00','2015-02-17 16:46:00'),(4115,7,19,118,3,'becok','becok','2015-02-17 16:46:00','2015-02-17 16:46:00'),(4116,7,19,118,4,'seperti','seperti','2015-02-17 16:46:00','2015-02-17 16:46:00'),(4117,7,19,118,1,'mulut','mulut','2015-02-17 16:46:00','2015-02-17 16:46:00'),(4118,7,19,118,33,'Besah','Besah','2015-02-17 16:46:00','2015-02-17 16:46:00'),(4119,7,19,118,7,'yang','yang','2015-02-17 16:46:00','2015-02-17 16:46:00'),(4120,7,19,118,1,'cakapnya','cakapnya','2015-02-17 16:46:00','2015-02-17 16:46:00'),(4121,7,19,118,8,'sering','sering','2015-02-17 16:46:00','2015-02-17 16:46:00'),(4122,7,19,118,18,'tidak','tidak','2015-02-17 16:46:00','2015-02-17 16:46:00'),(4123,7,19,118,2,'berlapik','berlapik','2015-02-17 16:46:00','2015-02-17 16:46:00'),(4124,7,19,119,4,'Macam','Macam','2015-02-17 16:46:00','2015-02-17 16:46:00'),(4125,7,19,119,1,'murai','murai','2015-02-17 16:46:00','2015-02-17 16:46:00'),(4126,7,19,119,7,'yang','yang','2015-02-17 16:46:01','2015-02-17 16:46:01'),(4127,7,19,119,2,'dicabut','dicabut','2015-02-17 16:46:01','2015-02-17 16:46:01'),(4128,7,19,119,1,'ekornya','ekornya','2015-02-17 16:46:01','2015-02-17 16:46:01'),(4129,7,19,119,11,'dua','dua','2015-02-17 16:46:01','2015-02-17 16:46:01'),(4130,7,19,119,11,'puluh','puluh','2015-02-17 16:46:01','2015-02-17 16:46:01'),(4131,7,19,119,11,'empat','empat','2015-02-17 16:46:01','2015-02-17 16:46:01'),(4132,7,19,119,1,'jam','jam','2015-02-17 16:46:01','2015-02-17 16:46:01'),(4133,7,19,119,2,'berdecit','berdecit','2015-02-17 16:46:01','2015-02-17 16:46:01'),(4134,7,19,119,3,'bising','bising','2015-02-17 16:46:01','2015-02-17 16:46:01'),(4135,7,19,120,7,'Tapi','Tapi','2015-02-17 16:46:01','2015-02-17 16:46:01'),(4136,7,19,120,33,'Jusoh','Jusoh','2015-02-17 16:46:01','2015-02-17 16:46:01'),(4137,7,19,120,5,'masih','masih','2015-02-17 16:46:02','2015-02-17 16:46:02'),(4138,7,19,120,5,'boleh','boleh','2015-02-17 16:46:02','2015-02-17 16:46:02'),(4139,7,19,120,2,'diajak','diajak','2015-02-17 16:46:02','2015-02-17 16:46:02'),(4140,7,19,120,1,'kira','kira','2015-02-17 16:46:02','2015-02-17 16:46:02'),(4141,7,19,120,1,'bicara','bicara','2015-02-17 16:46:02','2015-02-17 16:46:02'),(4142,7,19,121,5,'Masih','Masih','2015-02-17 16:46:02','2015-02-17 16:46:02'),(4143,7,19,121,5,'boleh','boleh','2015-02-17 16:46:02','2015-02-17 16:46:02'),(4144,7,19,121,2,'dibawa','dibawa','2015-02-17 16:46:02','2015-02-17 16:46:02'),(4145,7,19,121,2,'berunding','berunding','2015-02-17 16:46:02','2015-02-17 16:46:02'),(4146,7,19,122,7,'Tapi','Tapi','2015-02-17 16:46:02','2015-02-17 16:46:02'),(4147,7,19,122,5,'masih','masih','2015-02-17 16:46:02','2015-02-17 16:46:02'),(4148,7,19,122,32,'juga','juga','2015-02-17 16:46:02','2015-02-17 16:46:02'),(4149,7,19,122,2,'mengikut','mengikut','2015-02-17 16:46:03','2015-02-17 16:46:03'),(4150,7,19,122,1,'telunjuk','telunjuk','2015-02-17 16:46:03','2015-02-17 16:46:03'),(4151,7,19,122,1,'isteri','isteri','2015-02-17 16:46:03','2015-02-17 16:46:03'),(4152,7,19,123,5,'Masih','Masih','2015-02-17 16:46:03','2015-02-17 16:46:03'),(4153,7,19,123,2,'dikontrol','dikontrol','2015-02-17 16:46:03','2015-02-17 16:46:03'),(4154,7,19,123,4,'oleh','oleh','2015-02-17 16:46:03','2015-02-17 16:46:03'),(4155,7,19,123,33,'Besah','Besah','2015-02-17 16:46:03','2015-02-17 16:46:03'),(4156,7,19,124,8,'Langsung','Langsung','2015-02-17 16:46:03','2015-02-17 16:46:03'),(4157,7,19,124,33,'Jusoh','Jusoh','2015-02-17 16:46:03','2015-02-17 16:46:03'),(4158,7,19,124,18,'tidak','tidak','2015-02-17 16:46:03','2015-02-17 16:46:03'),(4159,7,19,124,3,'berani','berani','2015-02-17 16:46:03','2015-02-17 16:46:03'),(4160,7,19,124,2,'membantah','membantah','2015-02-17 16:46:03','2015-02-17 16:46:03'),(4161,7,19,125,18,'Tidak','Tidak','2015-02-17 16:46:03','2015-02-17 16:46:03'),(4162,7,19,125,2,'tahu','tahu','2015-02-17 16:46:04','2015-02-17 16:46:04'),(4163,7,19,125,2,'memprotes','memprotes','2015-02-17 16:46:04','2015-02-17 16:46:04'),(4164,7,19,126,32,'\"','\"','2015-02-17 16:46:04','2015-02-17 16:46:04'),(4165,7,19,126,34,'Kami','Kami','2015-02-17 16:46:04','2015-02-17 16:46:04'),(4166,7,19,126,2,'datang','datang','2015-02-17 16:46:04','2015-02-17 16:46:04'),(4167,7,19,126,35,'ni','ni','2015-02-17 16:46:04','2015-02-17 16:46:04'),(4168,7,19,126,32,'ada','ada','2015-02-17 16:46:04','2015-02-17 16:46:04'),(4169,7,19,126,1,'hajat','hajat','2015-02-17 16:46:04','2015-02-17 16:46:04'),(4170,7,19,126,1,'Abang','Abang','2015-02-17 16:46:04','2015-02-17 16:46:04'),(4171,7,19,126,33,'Long\"','Long\"','2015-02-17 16:46:04','2015-02-17 16:46:04'),(4172,7,19,126,33,'Besah','Besah','2015-02-17 16:46:04','2015-02-17 16:46:04'),(4173,7,19,126,2,'memulakan','memulakan','2015-02-17 16:46:04','2015-02-17 16:46:04'),(4174,7,19,126,1,'bicara','bicara','2015-02-17 16:46:04','2015-02-17 16:46:04'),(4175,7,19,126,3,'sebaik','sebaik','2015-02-17 16:46:05','2015-02-17 16:46:05'),(4176,7,19,126,32,'saja','saja','2015-02-17 16:46:05','2015-02-17 16:46:05'),(4177,7,19,126,2,'bersimpuh','bersimpuh','2015-02-17 16:46:05','2015-02-17 16:46:05'),(4178,7,19,126,4,'di','di','2015-02-17 16:46:05','2015-02-17 16:46:05'),(4179,7,19,126,1,'ruang','ruang','2015-02-17 16:46:05','2015-02-17 16:46:05'),(4180,7,19,126,1,'tamu','tamu','2015-02-17 16:46:05','2015-02-17 16:46:05'),(4181,7,19,126,7,'yang','yang','2015-02-17 16:46:05','2015-02-17 16:46:05'),(4182,7,19,126,18,'tidak','tidak','2015-02-17 16:46:05','2015-02-17 16:46:05'),(4183,7,19,126,3,'seluas','seluas','2015-02-17 16:46:05','2015-02-17 16:46:05'),(4184,7,19,126,10,'mana','mana','2015-02-17 16:46:05','2015-02-17 16:46:05'),(4185,7,19,127,33,'Seman','Seman','2015-02-17 16:46:05','2015-02-17 16:46:05'),(4186,7,19,127,4,'pada','pada','2015-02-17 16:46:05','2015-02-17 16:46:05'),(4187,7,19,127,1,'mulanya','mulanya','2015-02-17 16:46:06','2015-02-17 16:46:06'),(4188,7,19,127,5,'terlalu','terlalu','2015-02-17 16:46:06','2015-02-17 16:46:06'),(4189,7,19,127,3,'gembira','gembira','2015-02-17 16:46:06','2015-02-17 16:46:06'),(4190,7,19,127,2,'menyambut','menyambut','2015-02-17 16:46:06','2015-02-17 16:46:06'),(4191,7,19,127,1,'kedatangan','kedatangan','2015-02-17 16:46:06','2015-02-17 16:46:06'),(4192,7,19,127,33,'Besah','Besah','2015-02-17 16:46:06','2015-02-17 16:46:06'),(4193,7,19,127,7,'dan','dan','2015-02-17 16:46:06','2015-02-17 16:46:06'),(4194,7,19,127,33,'Jusoh','Jusoh','2015-02-17 16:46:07','2015-02-17 16:46:07'),(4195,7,19,128,32,'Maklumlah','Maklumlah','2015-02-17 16:46:07','2015-02-17 16:46:07'),(4196,7,19,128,34,'mereka','mereka','2015-02-17 16:46:07','2015-02-17 16:46:07'),(4197,7,19,128,5,'sudah','sudah','2015-02-17 16:46:07','2015-02-17 16:46:07'),(4198,7,19,128,5,'terlalu','terlalu','2015-02-17 16:46:07','2015-02-17 16:46:07'),(4199,7,19,128,3,'lama','lama','2015-02-17 16:46:07','2015-02-17 16:46:07'),(4200,7,19,128,18,'tidak','tidak','2015-02-17 16:46:07','2015-02-17 16:46:07'),(4201,7,19,128,2,'bertemu','bertemu','2015-02-17 16:46:07','2015-02-17 16:46:07'),(4202,7,19,129,18,'Bukan','Bukan','2015-02-17 16:46:07','2015-02-17 16:46:07'),(4203,7,19,129,3,'senang','senang','2015-02-17 16:46:07','2015-02-17 16:46:07'),(4204,7,19,129,4,'untuk','untuk','2015-02-17 16:46:07','2015-02-17 16:46:07'),(4205,7,19,129,8,'selalu','selalu','2015-02-17 16:46:07','2015-02-17 16:46:07'),(4206,7,19,129,4,'bersama','bersama','2015-02-17 16:46:08','2015-02-17 16:46:08'),(4207,7,19,129,8,'begini','begini','2015-02-17 16:46:08','2015-02-17 16:46:08'),(4208,7,19,130,8,'Malah','Malah','2015-02-17 16:46:08','2015-02-17 16:46:08'),(4209,7,19,130,8,'seingat-ingat','seingat-ingat','2015-02-17 16:46:08','2015-02-17 16:46:08'),(4210,7,19,130,33,'Seman','Seman','2015-02-17 16:46:08','2015-02-17 16:46:08'),(4211,7,19,130,32,'inilah','inilah','2015-02-17 16:46:08','2015-02-17 16:46:08'),(4212,7,19,130,11,'pertama','pertama','2015-02-17 16:46:08','2015-02-17 16:46:08'),(4213,7,19,130,1,'kali','kali','2015-02-17 16:46:08','2015-02-17 16:46:08'),(4214,7,19,130,34,'mereka','mereka','2015-02-17 16:46:09','2015-02-17 16:46:09'),(4215,7,19,130,2,'bertemu','bertemu','2015-02-17 16:46:09','2015-02-17 16:46:09'),(4216,7,19,130,7,'selepas','selepas','2015-02-17 16:46:09','2015-02-17 16:46:09'),(4217,7,19,130,1,'kematian','kematian','2015-02-17 16:46:09','2015-02-17 16:46:09'),(4218,7,19,130,33,'Munah','Munah','2015-02-17 16:46:09','2015-02-17 16:46:09'),(4219,7,19,130,1,'isterinya','isterinya','2015-02-17 16:46:09','2015-02-17 16:46:09'),(4220,7,19,130,7,'yang','yang','2015-02-17 16:46:09','2015-02-17 16:46:09'),(4221,7,19,130,32,'juga','juga','2015-02-17 16:46:09','2015-02-17 16:46:09'),(4222,7,19,130,1,'kakak','kakak','2015-02-17 16:46:09','2015-02-17 16:46:09'),(4223,7,19,130,4,'kepada','kepada','2015-02-17 16:46:09','2015-02-17 16:46:09'),(4224,7,19,130,33,'Besah','Besah','2015-02-17 16:46:09','2015-02-17 16:46:09'),(4225,7,19,131,7,'Setelah','Setelah','2015-02-17 16:46:09','2015-02-17 16:46:09'),(4226,7,19,131,11,'tujuh','tujuh','2015-02-17 16:46:09','2015-02-17 16:46:09'),(4227,7,19,131,1,'tahun','tahun','2015-02-17 16:46:09','2015-02-17 16:46:09'),(4228,7,19,131,5,'lebih','lebih','2015-02-17 16:46:09','2015-02-17 16:46:09'),(4229,7,19,131,5,'kurang','kurang','2015-02-17 16:46:09','2015-02-17 16:46:09'),(4230,7,19,131,1,'isterinya','isterinya','2015-02-17 16:46:09','2015-02-17 16:46:09'),(4231,7,19,131,2,'meninggal','meninggal','2015-02-17 16:46:09','2015-02-17 16:46:09'),(4232,7,19,131,32,'barulah','barulah','2015-02-17 16:46:10','2015-02-17 16:46:10'),(4233,7,19,131,1,'kali','kali','2015-02-17 16:46:10','2015-02-17 16:46:10'),(4234,7,19,131,35,'ini','ini','2015-02-17 16:46:10','2015-02-17 16:46:10'),(4235,7,19,131,34,'mereka','mereka','2015-02-17 16:46:10','2015-02-17 16:46:10'),(4236,7,19,131,2,'berjumpa','berjumpa','2015-02-17 16:46:10','2015-02-17 16:46:10'),(4237,7,19,131,8,'semula','semula','2015-02-17 16:46:10','2015-02-17 16:46:10'),(4238,7,19,132,7,'Semasa','Semasa','2015-02-17 16:46:10','2015-02-17 16:46:10'),(4239,7,19,132,1,'kematian','kematian','2015-02-17 16:46:10','2015-02-17 16:46:10'),(4240,7,19,132,33,'Munah','Munah','2015-02-17 16:46:10','2015-02-17 16:46:10'),(4241,7,19,132,8,'dulu','dulu','2015-02-17 16:46:10','2015-02-17 16:46:10'),(4242,7,19,132,33,'Besah','Besah','2015-02-17 16:46:10','2015-02-17 16:46:10'),(4243,7,19,132,7,'dan','dan','2015-02-17 16:46:10','2015-02-17 16:46:10'),(4244,7,19,132,33,'Jusoh','Jusoh','2015-02-17 16:46:10','2015-02-17 16:46:10'),(4245,7,19,132,18,'tidak','tidak','2015-02-17 16:46:10','2015-02-17 16:46:10'),(4246,7,19,132,4,'di','di','2015-02-17 16:46:10','2015-02-17 16:46:10'),(4247,7,19,132,33,'Singapura','Singapura','2015-02-17 16:46:10','2015-02-17 16:46:10'),(4248,7,19,133,34,'Mereka','Mereka','2015-02-17 16:46:10','2015-02-17 16:46:10'),(4249,7,19,133,2,'pergi','pergi','2015-02-17 16:46:10','2015-02-17 16:46:10'),(4250,7,19,133,2,'makan','makan','2015-02-17 16:46:11','2015-02-17 16:46:11'),(4251,7,19,133,1,'angin','angin','2015-02-17 16:46:11','2015-02-17 16:46:11'),(4252,7,19,133,4,'ke','ke','2015-02-17 16:46:11','2015-02-17 16:46:11'),(4253,7,19,133,33,'Jepun','Jepun','2015-02-17 16:46:11','2015-02-17 16:46:11'),(4254,7,19,134,7,'Walaupun','Walaupun','2015-02-17 16:46:11','2015-02-17 16:46:11'),(4255,7,19,134,1,'telegram','telegram','2015-02-17 16:46:11','2015-02-17 16:46:11'),(4256,7,19,134,2,'dikirim','dikirim','2015-02-17 16:46:11','2015-02-17 16:46:11'),(4257,7,19,134,4,'ke','ke','2015-02-17 16:46:11','2015-02-17 16:46:11'),(4258,7,19,134,1,'rumah','rumah','2015-02-17 16:46:11','2015-02-17 16:46:11'),(4259,7,19,134,34,'mereka','mereka','2015-02-17 16:46:11','2015-02-17 16:46:11'),(4260,7,19,134,4,'di','di','2015-02-17 16:46:11','2015-02-17 16:46:11'),(4261,7,19,134,33,'Singapura','Singapura','2015-02-17 16:46:11','2015-02-17 16:46:11'),(4262,7,19,134,7,'namun','namun','2015-02-17 16:46:11','2015-02-17 16:46:11'),(4263,7,19,134,18,'tidak','tidak','2015-02-17 16:46:11','2015-02-17 16:46:11'),(4264,7,19,134,32,'ada','ada','2015-02-17 16:46:11','2015-02-17 16:46:11'),(4265,7,19,134,11,'sebarang','sebarang','2015-02-17 16:46:11','2015-02-17 16:46:11'),(4266,7,19,134,1,'tindakan','tindakan','2015-02-17 16:46:11','2015-02-17 16:46:11'),(4267,7,19,134,1,'susulan','susulan','2015-02-17 16:46:11','2015-02-17 16:46:11'),(4268,7,19,134,4,'daripada','daripada','2015-02-17 16:46:12','2015-02-17 16:46:12'),(4269,7,19,134,1,'anak','anak','2015-02-17 16:46:12','2015-02-17 16:46:12'),(4270,7,19,134,1,'buah','buah','2015-02-17 16:46:12','2015-02-17 16:46:12'),(4271,7,19,134,34,'mereka','mereka','2015-02-17 16:46:12','2015-02-17 16:46:12'),(4272,7,19,134,4,'di','di','2015-02-17 16:46:12','2015-02-17 16:46:12'),(4273,7,19,134,34,'sana','sana','2015-02-17 16:46:13','2015-02-17 16:46:13');

/*!40101 SET SQL_MODE=@OLD_SQL_MODE */;
/*!40014 SET FOREIGN_KEY_CHECKS=@OLD_FOREIGN_KEY_CHECKS */;
/*!40014 SET UNIQUE_CHECKS=@OLD_UNIQUE_CHECKS */;
/*!40111 SET SQL_NOTES=@OLD_SQL_NOTES */;